image,aug,n_gt,tp,fp,fn,min_tp_conf,hardness
Untitled-drawing-26_jpg.rf.992f1ba6f2042d707b5de65861c15eb4.jpg,original,12,11,7,1,0.303,8.697
Untitled-drawing-26_jpg.rf.992f1ba6f2042d707b5de65861c15eb4_aug0_motion_blur.jpg,motion_blur,12,11,5,1,0.324,6.676
JPEG-image-165_jpeg_jpg.rf.b518d7ddde6155721751495cda470825_aug0_grayscale+defocus_blur.jpg,grayscale+defocus_blur,5,1,1,4,0.751,5.249
JPEG-image-12_jpeg_jpg.rf.34a7a27a56429e73394256f0ab198be9_aug0_gamma+noise.jpg,gamma+noise,6,2,0,4,0.291,4.709
JPEG-image-12_jpeg_jpg.rf.34a7a27a56429e73394256f0ab198be9.jpg,original,6,2,0,4,0.354,4.646
IMG_9175_jpeg_jpg.rf.c542c2177d4b8ff803fc8c8f59a163b1_aug0_defocus_blur+motion_blur.jpg,defocus_blur+motion_blur,3,1,2,2,0.801,4.199
IMG_0804_JPG_jpg.rf.76e8b72a3fe43ac89615795fd8b54e8c_aug0_grayscale.jpg,grayscale,2,0,2,2,1.0,4.0
JPEG-image-165_jpeg_jpg.rf.b518d7ddde6155721751495cda470825.jpg,original,5,3,1,2,0.252,3.748
Untitled-drawing-47_jpg.rf.f1b497a70865acc71762316fa2482210_aug0_defocus_blur.jpg,defocus_blur,5,4,2,1,0.474,3.526
JPEG-image-197_jpeg_jpg.rf.02f5edd6f8097e5346263205d5a82d4b_aug0_grayscale.jpg,grayscale,5,4,2,1,0.534,3.466
20231021_173714_jpg.rf.818fe34358714c27948766bc6fb9188b_aug0_gamma+grayscale.jpg,gamma+grayscale,1,1,3,0,0.583,3.417
IMG_0509_JPG_jpg.rf.ca46c829c42049e4cbb7bc8c37740185_aug0_grayscale.jpg,grayscale,3,1,1,2,0.813,3.187
JPEG-image-190_jpeg_jpg.rf.61fe9ad6f0881c035ede5dc75cf56651.jpg,original,3,3,2,0,0.29,2.71
IMG_0644_JPG_jpg.rf.cb2af9a8b3ccfaf6a3d5fe08015e0767_aug0_grayscale+defocus_blur.jpg,grayscale+defocus_blur,3,2,1,1,0.384,2.616
mallet340_jpeg_jpg.rf.acf72c343b9953156b3931bfeefc3d74_aug0_noise+grayscale.jpg,noise+grayscale,1,1,2,0,0.433,2.567
Untitled-drawing-47_jpg.rf.f1b497a70865acc71762316fa2482210.jpg,original,5,4,1,1,0.539,2.461
IMG_9175_jpeg_jpg.rf.c542c2177d4b8ff803fc8c8f59a163b1.jpg,original,3,3,2,0,0.541,2.459
JPEG-image-197_jpeg_jpg.rf.02f5edd6f8097e5346263205d5a82d4b.jpg,original,5,5,2,0,0.566,2.434
IMG_0572_JPG_jpg.rf.0548bb4f88b37eb426a35da012562f58_aug0_grayscale+contrast.jpg,grayscale+contrast,2,1,1,1,0.593,2.407
mallet-video-Trim_mp4-14_jpg.rf.8e3bc8f153329cdd7247e5277b62e5aa_aug0_defocus_blur.jpg,defocus_blur,1,1,2,0,0.647,2.353
JPEG-image-213_jpeg_jpg.rf.2b6c5fdba27607e96f87ea7587fe9156.jpg,original,5,5,2,0,0.655,2.345
IMG_0545_JPG_jpg.rf.6be18c32c1f1076a3689e2b7ffa794cc_aug0_defocus_blur.jpg,defocus_blur,2,1,1,1,0.665,2.335
IMG_0545_JPG_jpg.rf.6be18c32c1f1076a3689e2b7ffa794cc.jpg,original,2,1,1,1,0.672,2.328
IMG_0156_JPG_jpg.rf.a55d76e281a9164b76b21d1d00191a60_aug0_grayscale+contrast.jpg,grayscale+contrast,1,1,2,0,0.685,2.315
c_mallet_1197_JPG_jpg.rf.89e5bcbae7b5576c507001bb1ad3ee33.jpg,original,1,1,2,0,0.701,2.299
mallet-video-Trim_mp4-10_jpg.rf.80c7a72bd1dc505cd0feb353fa08f5a1.jpg,original,1,1,2,0,0.725,2.275
mallet1677_jpeg_jpg.rf.252620a0b838ac2797eb893c8864012f.jpg,original,1,1,2,0,0.809,2.191
mallet1677_jpeg_jpg.rf.252620a0b838ac2797eb893c8864012f_aug0_defocus_blur.jpg,defocus_blur,1,1,2,0,0.814,2.186
t_bot_mal472_jpeg_jpg.rf.cca265ac692d21ef5ba7c49dbe1e0a9b_aug0_contrast.jpg,contrast,1,1,2,0,0.842,2.158
t_bot_mal472_jpeg_jpg.rf.cca265ac692d21ef5ba7c49dbe1e0a9b.jpg,original,1,1,2,0,0.844,2.156
Screenshot-2024-05-28-at-10-02-26-AM_png_jpg.rf.19be2b3b4a90d879dcf5618efb443dc8_aug0_contrast.jpg,contrast,1,1,2,0,0.892,2.108
c_mallet_1115_JPG_jpg.rf.8c9f81956ef2fb16171a6919f95583d7_aug0_grayscale.jpg,grayscale,1,0,1,1,1.0,2.0
mallet207_jpeg_jpg.rf.52c9938f3bdc969633216818b1094700.jpg,original,1,0,1,1,1.0,2.0
mallet207_jpeg_jpg.rf.52c9938f3bdc969633216818b1094700_aug0_contrast+defocus_blur.jpg,contrast+defocus_blur,1,0,1,1,1.0,2.0
mallet240_jpeg_jpg.rf.374e57dde9141ca315a850b99fed50cb_aug0_grayscale.jpg,grayscale,1,0,1,1,1.0,2.0
mallet946_jpeg_jpg.rf.1078bdb2595cff53dfc11842cbf99312.jpg,original,1,0,1,1,1.0,2.0
t_bot_mal578_jpeg_jpg.rf.fb5626696ed2e06f494f68c9e8ce5f6c.jpg,original,1,0,1,1,1.0,2.0
t_bot_mal581_jpeg_jpg.rf.45604396d6a77c4ac6013e50edc2d54b.jpg,original,1,0,1,1,1.0,2.0
t_bot_mal581_jpeg_jpg.rf.45604396d6a77c4ac6013e50edc2d54b_aug0_motion_blur.jpg,motion_blur,1,0,1,1,1.0,2.0
mallet1417_jpeg_jpg.rf.f6a90d57510e7790be0802fbfb7470e3_aug0_grayscale.jpg,grayscale,1,1,1,0,0.321,1.679
t_bot_mal362_jpeg_jpg.rf.0af66008184e515bf9cb038088179dfe_aug0_grayscale.jpg,grayscale,1,1,1,0,0.344,1.656
c_mallet_393_JPG_jpg.rf.e215f8bd1a4ff73dbbea3a815e9ac63a_aug0_noise.jpg,noise,1,1,1,0,0.426,1.574
c_mallet_393_JPG_jpg.rf.e215f8bd1a4ff73dbbea3a815e9ac63a.jpg,original,1,1,1,0,0.43,1.57
mallet1348_jpeg_jpg.rf.b3d06addd880bb471932632d9e3d6092_aug0_motion_blur.jpg,motion_blur,1,1,1,0,0.437,1.563
JPEG-image-190_jpeg_jpg.rf.61fe9ad6f0881c035ede5dc75cf56651_aug0_grayscale.jpg,grayscale,3,2,0,1,0.45,1.55
IMG_9178_jpeg_jpg.rf.4a9e3227cd8df500ba9685e029bdf17e_aug0_contrast+motion_blur.jpg,contrast+motion_blur,3,3,1,0,0.463,1.537
mallet1417_jpeg_jpg.rf.f6a90d57510e7790be0802fbfb7470e3.jpg,original,1,1,1,0,0.489,1.511
IMG_9178_jpeg_jpg.rf.4a9e3227cd8df500ba9685e029bdf17e.jpg,original,3,3,1,0,0.504,1.496
20231021_175758_jpg.rf.166c0e3898884a59e2cace0a03c907b8_aug0_contrast.jpg,contrast,1,1,1,0,0.513,1.487
20231021_175758_jpg.rf.166c0e3898884a59e2cace0a03c907b8.jpg,original,1,1,1,0,0.533,1.467
IMG_0575_JPG_jpg.rf.6b46d5c071992557a60ee623a281519a_aug0_gamma.jpg,gamma,2,2,1,0,0.54,1.46
IMG_0647_JPG_jpg.rf.797b61b48e9038dc6b03f7492f831be7_aug0_gamma+contrast.jpg,gamma+contrast,3,3,1,0,0.549,1.451
IMG_0653_JPG_jpg.rf.3715dbf3cc74fcec9259a9aaafeda52f_aug0_motion_blur.jpg,motion_blur,1,1,1,0,0.549,1.451
t_bot_mal495_jpeg_jpg.rf.4dc42a8d84f1542d387bfaae3434e58a_aug0_motion_blur+grayscale.jpg,motion_blur+grayscale,1,1,1,0,0.55,1.45
c_mallet_9_JPG_jpg.rf.1ddc28f5edd05b8ad03014664b40a1f1_aug0_defocus_blur+grayscale.jpg,defocus_blur+grayscale,1,1,1,0,0.574,1.426
IMG_0793_JPG_jpg.rf.1367b2cbd6bc31470fac2e20c7ca9843_aug0_defocus_blur.jpg,defocus_blur,2,1,0,1,0.579,1.421
t_bot_mal359_jpeg_jpg.rf.0988be0328b307d7026a3fddea41f234.jpg,original,1,1,1,0,0.59,1.41
mallet524_jpeg_jpg.rf.cf1db4f4d0fe2c7cbc5633b25d92294b.jpg,original,1,1,1,0,0.593,1.407
20231021_173559_jpg.rf.8ac5f6b0bac4f69189202f8da970e1e0_aug0_contrast+grayscale.jpg,contrast+grayscale,1,1,1,0,0.596,1.404
IMG_9170_jpeg_jpg.rf.a617803e93289c3fb9bed1cd15536472.jpg,original,3,3,1,0,0.596,1.404
IMG_9180_jpeg_jpg.rf.87935a56a5a10782927af9ac2ac7bb94_aug0_grayscale.jpg,grayscale,4,3,0,1,0.601,1.399
t_bot_mal837_jpeg_jpg.rf.2554deee7f8a29e396a4a798d6b11a84.jpg,original,1,1,1,0,0.601,1.399
IMG_0494_JPG_jpg.rf.68a19372b85d250fc1fa190d9a8d8080_aug0_noise+gamma.jpg,noise+gamma,2,2,1,0,0.605,1.395
IMG_0745_JPG_jpg.rf.3100b5b92606939513ce08def0c9ae72_aug0_gamma+noise.jpg,gamma+noise,2,2,1,0,0.609,1.391
c_mallet_976_JPG_jpg.rf.e6f34843f281f2f87b7ea7e6c1a7aa5c.jpg,original,1,1,1,0,0.619,1.381
IMG_0745_JPG_jpg.rf.3100b5b92606939513ce08def0c9ae72.jpg,original,2,2,1,0,0.62,1.38
IMG_0609_JPG_jpg.rf.ce5caa4083c13a47c357958cf803801f_aug0_motion_blur+contrast.jpg,motion_blur+contrast,1,1,1,0,0.622,1.378
c_mallet_502_JPG_jpg.rf.87fd444b302fcffe62a1627a80b7d0bc.jpg,original,1,1,1,0,0.623,1.377
264_jpg.rf.dc4beb68741ca6509d55cf84a8a5a605_aug0_defocus_blur+noise.jpg,defocus_blur+noise,1,1,1,0,0.624,1.376
649c2e84e53d64b42bfaaf54_Titan-Nalgene-copy_png_jpg.rf.6bfa397f7aac6acbbaf27b20f18709d8_aug0_grayscale+motion_blur.jpg,grayscale+motion_blur,2,2,1,0,0.624,1.376
t_bot_mal603_jpeg_jpg.rf.d2c4628715187fea49f0d75e8e0cd9e1_aug0_noise+defocus_blur.jpg,noise+defocus_blur,1,1,1,0,0.629,1.371
t_bot_mal837_jpeg_jpg.rf.2554deee7f8a29e396a4a798d6b11a84_aug0_defocus_blur+noise.jpg,defocus_blur+noise,1,1,1,0,0.63,1.37
IMG_0541_JPG_jpg.rf.8dd9ebf9877c57845227bf3b22d1513b.jpg,original,1,1,1,0,0.632,1.368
IMG_0647_JPG_jpg.rf.797b61b48e9038dc6b03f7492f831be7.jpg,original,3,3,1,0,0.632,1.368
JPEG-image-196_jpeg_jpg.rf.a1f292e012dcecfbd2fef2ed1e1ff89a.jpg,original,5,5,1,0,0.639,1.361
20231021_173714_jpg.rf.818fe34358714c27948766bc6fb9188b.jpg,original,1,1,1,0,0.648,1.352
JPEG-image-213_jpeg_jpg.rf.2b6c5fdba27607e96f87ea7587fe9156_aug0_noise+contrast.jpg,noise+contrast,5,5,1,0,0.652,1.348
mallet-video-Trim_mp4-14_jpg.rf.8e3bc8f153329cdd7247e5277b62e5aa.jpg,original,1,1,1,0,0.653,1.347
20231021_175109_jpg.rf.d3556b9f11aa710745b029a5a6315f6e.jpg,original,1,1,1,0,0.654,1.346
20231021_173559_jpg.rf.8ac5f6b0bac4f69189202f8da970e1e0.jpg,original,1,1,1,0,0.655,1.345
649c2e84e53d64b42bfaaf54_Titan-Nalgene-copy_png_jpg.rf.6bfa397f7aac6acbbaf27b20f18709d8.jpg,original,2,2,1,0,0.655,1.345
c_mallet_672_JPG_jpg.rf.ec4cddb814d331c8869d7dbb41712c41_aug0_defocus_blur.jpg,defocus_blur,1,1,1,0,0.657,1.343
IMG_0514_JPG_jpg.rf.d1127595ddd692355b22ad243559367b_aug0_noise+contrast.jpg,noise+contrast,3,2,0,1,0.659,1.341
JPEG-image-250_jpeg_jpg.rf.6dbe29d506bf030e9e0d5fc4aace61cc_aug0_grayscale+gamma.jpg,grayscale+gamma,4,3,0,1,0.66,1.34
IMG_0159_JPG_jpg.rf.a90d0c69e794d6769bc9f61c81dd98fb_aug0_contrast+grayscale.jpg,contrast+grayscale,1,1,1,0,0.661,1.339
20231021_173923_jpg.rf.c0f1a97b9a94701c30bb374086125cde.jpg,original,1,1,1,0,0.664,1.336
IMG_0626_JPG_jpg.rf.8c037056f26e9c5aa2f7a6cbdefe61e4_aug0_defocus_blur+noise.jpg,defocus_blur+noise,1,1,1,0,0.675,1.325
JPEG-image-196_jpeg_jpg.rf.a1f292e012dcecfbd2fef2ed1e1ff89a_aug0_defocus_blur+contrast.jpg,defocus_blur+contrast,5,5,1,0,0.675,1.325
JPEG-image-248_jpeg_jpg.rf.b8aff897cfbda3b00f4649677e1d17e7.jpg,original,4,4,1,0,0.677,1.323
Untitled-drawing-56_jpg.rf.6484eeb1ea8dd6908d6f099f78b49846_aug0_grayscale+defocus_blur.jpg,grayscale+defocus_blur,3,2,0,1,0.681,1.319
JPEG-image-248_jpeg_jpg.rf.b8aff897cfbda3b00f4649677e1d17e7_aug0_grayscale+defocus_blur.jpg,grayscale+defocus_blur,4,3,0,1,0.682,1.318
IMG_0626_JPG_jpg.rf.8c037056f26e9c5aa2f7a6cbdefe61e4.jpg,original,1,1,1,0,0.687,1.313
20231021_173400_jpg.rf.18dd7990b8ee0880bf69b51914a89f19.jpg,original,1,1,1,0,0.689,1.311
t_bot_mal499_jpeg_jpg.rf.0bcdfb1271ce3abfe16f92a893a0fc74.jpg,original,1,1,1,0,0.694,1.306
c_mallet_672_JPG_jpg.rf.ec4cddb814d331c8869d7dbb41712c41.jpg,original,1,1,1,0,0.699,1.301
c_mallet_1177_JPG_jpg.rf.a5e681117f3e4383428efb8a39e1c480.jpg,original,2,1,0,1,0.703,1.297
Untitled-drawing-19_jpg.rf.d1187695980d7b1c634be4c33544f541_aug0_contrast+gamma.jpg,contrast+gamma,2,2,1,0,0.706,1.294
20231021_172811_jpg.rf.1b4a4c8973babf18547b0bf778bc75b7_aug0_grayscale.jpg,grayscale,2,1,0,1,0.708,1.292
c_mallet_502_JPG_jpg.rf.87fd444b302fcffe62a1627a80b7d0bc_aug0_contrast+defocus_blur.jpg,contrast+defocus_blur,1,1,1,0,0.714,1.286
IMG_0804_JPG_jpg.rf.76e8b72a3fe43ac89615795fd8b54e8c.jpg,original,2,2,1,0,0.716,1.284
mallet314_jpeg_jpg.rf.89316ae5fe9b84628848dd230c876402_aug0_gamma+motion_blur.jpg,gamma+motion_blur,2,1,0,1,0.719,1.281
Untitled-drawing-56_jpg.rf.6484eeb1ea8dd6908d6f099f78b49846.jpg,original,3,2,0,1,0.72,1.28
IMG_8996_jpeg_jpg.rf.8b5fefd06a4e9b4d80f448289636eade_aug0_contrast+gamma.jpg,contrast+gamma,2,1,0,1,0.721,1.279
c_mallet_1177_JPG_jpg.rf.a5e681117f3e4383428efb8a39e1c480_aug0_defocus_blur.jpg,defocus_blur,2,1,0,1,0.722,1.278
IMG_0628_JPG_jpg.rf.3dae7625f3a0a8fe1ef2b303de9ff58e.jpg,original,1,1,1,0,0.724,1.276
t_bot_mal318_jpeg_jpg.rf.b8e76d7126c161054b84cb45779950d0.jpg,original,2,1,0,1,0.728,1.272
c_mallet_188_JPG_jpg.rf.ead59cfd8c6daa8b127110ec04c946bb.jpg,original,1,1,1,0,0.734,1.266
t_bot_mal318_jpeg_jpg.rf.b8e76d7126c161054b84cb45779950d0_aug0_contrast.jpg,contrast,2,1,0,1,0.741,1.259
Untitled-drawing-19_jpg.rf.d1187695980d7b1c634be4c33544f541.jpg,original,2,2,1,0,0.749,1.251
t_bot_mal379_jpeg_jpg.rf.01dd97fb58ecf4698bf37c60728edd42.jpg,original,1,1,1,0,0.753,1.247
t_bot_mal533_jpeg_jpg.rf.5f822518c1fd9669ad248b15c6d37c14.jpg,original,1,1,1,0,0.755,1.245
c_mallet_716_JPG_jpg.rf.5b30c51700a3e2737c8a5726602ba02b_aug0_noise.jpg,noise,2,1,0,1,0.756,1.244
Untitled-drawing-38_jpg.rf.53035fd36c324534caa349e3c5438ea3_aug0_gamma.jpg,gamma,5,5,1,0,0.757,1.243
mallet-video-Trim_mp4-63_jpg.rf.9c23fc00be922989b48695cb88a34b7d_aug0_noise+defocus_blur.jpg,noise+defocus_blur,1,1,1,0,0.759,1.241
c_mallet_716_JPG_jpg.rf.5b30c51700a3e2737c8a5726602ba02b.jpg,original,2,1,0,1,0.764,1.236
IMG_0419_JPG_jpg.rf.0ad87de105043dbec38cf5e4f8bb3094_aug0_motion_blur+grayscale.jpg,motion_blur+grayscale,1,1,1,0,0.771,1.229
IMG_0644_JPG_jpg.rf.cb2af9a8b3ccfaf6a3d5fe08015e0767.jpg,original,3,3,1,0,0.771,1.229
mallet314_jpeg_jpg.rf.89316ae5fe9b84628848dd230c876402.jpg,original,2,1,0,1,0.778,1.222
IMG_0164_JPG_jpg.rf.8ad73bfae2e09712dd8e8c8b718e7374.jpg,original,2,1,0,1,0.784,1.216
y2mate_com-The-Worlds-Best-Water-Bottle-Nalgene-Wide-Mouth-32-Oz_1080p_mp4-154_jpg.rf.eb225512d528d76904a470338db6a6a5.jpg,original,1,1,1,0,0.791,1.209
mallet1487_jpeg_jpg.rf.14523a4ced93cd8fe1826b4992d24a02_aug0_noise+defocus_blur.jpg,noise+defocus_blur,1,1,1,0,0.792,1.208
Untitled-drawing-13_jpg.rf.090ae0aac6a20ac4186add9157bf3818_aug0_motion_blur+noise.jpg,motion_blur+noise,1,1,1,0,0.793,1.207
JPEG-image-250_jpeg_jpg.rf.6dbe29d506bf030e9e0d5fc4aace61cc.jpg,original,4,3,0,1,0.796,1.204
t_bot_mal329_jpeg_jpg.rf.e3e41bba5ff85584c53fefaf5e1f54c4_aug0_grayscale+defocus_blur.jpg,grayscale+defocus_blur,1,1,1,0,0.798,1.202
c_mallet_743_JPG_jpg.rf.c0e0d5a9e1ea8fd8b13e229af515d048.jpg,original,1,1,1,0,0.799,1.201
t_bot_mal124_jpeg_jpg.rf.4f1159f9b133fead4f1c26b1f66f8bbd_aug0_grayscale+gamma.jpg,grayscale+gamma,1,1,1,0,0.802,1.198
c_mallet_59_JPG_jpg.rf.925f485b5b9b49f5c36048c69f1491a4_aug0_motion_blur+gamma.jpg,motion_blur+gamma,1,1,1,0,0.803,1.197
t_bot_mal170_jpeg_jpg.rf.87923a45e889c3a630ae4405427794e6_aug0_gamma+motion_blur.jpg,gamma+motion_blur,1,1,1,0,0.803,1.197
IMG_0620_JPG_jpg.rf.cd36ce572edcda310e2b7ef3465aab64.jpg,original,1,1,1,0,0.804,1.196
IMG_0620_JPG_jpg.rf.cd36ce572edcda310e2b7ef3465aab64_aug0_defocus_blur.jpg,defocus_blur,1,1,1,0,0.806,1.194
mallet1487_jpeg_jpg.rf.14523a4ced93cd8fe1826b4992d24a02.jpg,original,1,1,1,0,0.806,1.194
20231021_172811_jpg.rf.1b4a4c8973babf18547b0bf778bc75b7.jpg,original,2,1,0,1,0.807,1.193
20231021_172922_jpg.rf.3e5a776dc7570c4d79f827cc1b94e03a_aug0_gamma.jpg,gamma,1,1,1,0,0.808,1.192
20231021_173843_jpg.rf.e5399c11645afc0073cc0d696d3ef1e2_aug0_grayscale.jpg,grayscale,1,1,1,0,0.808,1.192
c_mallet_806_JPG_jpg.rf.d11bcc9cd30b8af34f237b0454be8f9e.jpg,original,1,1,1,0,0.808,1.192
1literwidemouthwaterbottle249_jpeg_jpg.rf.b0eff4bab9c0a900bb9dd663d535b6af_aug0_contrast+noise.jpg,contrast+noise,1,1,1,0,0.81,1.19
JPEG-image-203_jpeg_jpg.rf.ff232a824dce00f19574ab9b835f6450.jpg,original,5,5,1,0,0.815,1.185
20231021_172922_jpg.rf.3e5a776dc7570c4d79f827cc1b94e03a.jpg,original,1,1,1,0,0.818,1.182
Untitled-drawing-13_jpg.rf.090ae0aac6a20ac4186add9157bf3818.jpg,original,1,1,1,0,0.82,1.18
green_nalgene_vid_mp4-151_jpg.rf.35fb3840de2d96dc5ab9cdb40d734797_aug0_contrast+noise.jpg,contrast+noise,1,1,1,0,0.821,1.179
t_bot_mal379_jpeg_jpg.rf.01dd97fb58ecf4698bf37c60728edd42_aug0_gamma+contrast.jpg,gamma+contrast,1,1,1,0,0.822,1.178
t_bot_mal443_jpeg_jpg.rf.314f40f09cd79f8df86639f4a3695f38_aug0_grayscale.jpg,grayscale,1,1,1,0,0.822,1.178
IMG_0396_JPG_jpg.rf.676fbe54d22a209fe82cf3eba6e2d460.jpg,original,1,1,1,0,0.828,1.172
mallet1083_jpeg_jpg.rf.6146f113b6143b1ac79c401e8d3e39bc_aug0_noise+contrast.jpg,noise+contrast,1,1,1,0,0.828,1.172
t_bot_mal499_jpeg_jpg.rf.0bcdfb1271ce3abfe16f92a893a0fc74_aug0_defocus_blur.jpg,defocus_blur,1,1,1,0,0.831,1.169
mallet-video-Trim_mp4-39_jpg.rf.5a8e0b04356b4e3b15af8b419edcf6a1.jpg,original,1,1,1,0,0.835,1.165
25_jpg.rf.21f320dd88b0e6efa1c9472cc6323ac5_aug0_defocus_blur+contrast.jpg,defocus_blur+contrast,1,1,1,0,0.836,1.164
IMG_0396_JPG_jpg.rf.676fbe54d22a209fe82cf3eba6e2d460_aug0_contrast+defocus_blur.jpg,contrast+defocus_blur,1,1,1,0,0.837,1.163
IMG_0660_JPG_jpg.rf.807f625f1ab5c4167cbdac7910c3945a.jpg,original,1,1,1,0,0.84,1.16
mallet1083_jpeg_jpg.rf.6146f113b6143b1ac79c401e8d3e39bc.jpg,original,1,1,1,0,0.847,1.153
mallet895_jpeg_jpg.rf.ab8df855dfc24b31f2a33ce1d144c931_aug0_contrast+motion_blur.jpg,contrast+motion_blur,2,1,0,1,0.853,1.147
mallet-video-Trim_mp4-23_jpg.rf.42ea302f69ce7d19bbefc4eaa5c2c8e3_aug0_contrast.jpg,contrast,1,1,1,0,0.857,1.143
IMG_0164_JPG_jpg.rf.8ad73bfae2e09712dd8e8c8b718e7374_aug0_defocus_blur.jpg,defocus_blur,2,1,0,1,0.864,1.136
hi_res-12-TheLoyalist_r1_04I_9401_jpg.rf.2d77bc3d80b1a984481be2ecf749b997.jpg,original,1,1,1,0,0.865,1.135
t_bot_mal498_jpeg_jpg.rf.74825848063407d26725e8d7b441ec99.jpg,original,1,1,1,0,0.867,1.133
IMG_4489_jpg.rf.5ba51c74e70cf7a85279da9e998d6ccf_aug0_contrast.jpg,contrast,1,1,1,0,0.869,1.131
mallet-video-Trim_mp4-23_jpg.rf.42ea302f69ce7d19bbefc4eaa5c2c8e3.jpg,original,1,1,1,0,0.871,1.129
hi_res-12-TheLoyalist_r1_04I_9401_jpg.rf.2d77bc3d80b1a984481be2ecf749b997_aug0_motion_blur.jpg,motion_blur,1,1,1,0,0.879,1.121
Screenshot-2024-05-28-at-10-02-26-AM-copy-2_png_jpg.rf.061309ff37fa3b023ea140bab9caa8ca.jpg,original,1,1,1,0,0.881,1.119
znuio6gzn92dnwl6jmhj_png_jpg.rf.816f22e450ee89dbf25d5ba191582ba8.jpg,original,1,1,1,0,0.883,1.117
Screenshot-2024-05-28-at-10-02-26-AM-copy-2_png_jpg.rf.061309ff37fa3b023ea140bab9caa8ca_aug0_gamma+motion_blur.jpg,gamma+motion_blur,1,1,1,0,0.884,1.116
Screenshot-2024-05-28-at-10-02-26-AM_png_jpg.rf.19be2b3b4a90d879dcf5618efb443dc8.jpg,original,1,1,1,0,0.885,1.115
IMG_4492_jpg.rf.7a22eaa7436f859bfc567e71882c2ef0_aug0_defocus_blur+grayscale.jpg,defocus_blur+grayscale,1,1,1,0,0.886,1.114
y2mate_com-The-Worlds-Best-Water-Bottle-Nalgene-Wide-Mouth-32-Oz_1080p_mp4-19_jpg.rf.3ed867452ae1e0c6b432232185862273.jpg,original,1,1,1,0,0.887,1.113
c_mallet_1239_JPG_jpg.rf.1fa98acedb1bb3efa1c8498eede009a3_aug0_grayscale.jpg,grayscale,1,1,1,0,0.889,1.111
c_mallet_1239_JPG_jpg.rf.1fa98acedb1bb3efa1c8498eede009a3.jpg,original,1,1,1,0,0.895,1.105
mallet895_jpeg_jpg.rf.ab8df855dfc24b31f2a33ce1d144c931.jpg,original,2,1,0,1,0.902,1.098
y2mate_com-The-Worlds-Best-Water-Bottle-Nalgene-Wide-Mouth-32-Oz_1080p_mp4-218_jpg.rf.3620a22128636cb206641636b9151fbf_aug0_grayscale.jpg,grayscale,1,1,1,0,0.903,1.097
image_a2900458-5aa7-40de-a397-f014f0d75613_jpg.rf.2b7e62da2b64fa3222da84b205d304d6_aug0_grayscale+motion_blur.jpg,grayscale+motion_blur,1,1,1,0,0.904,1.096
green_nalgene_vid_mp4-180_jpg.rf.178bc785d580e2f7218c37c9df057735.jpg,original,1,1,1,0,0.918,1.082
t_bot_mal487_jpeg_jpg.rf.00edafb32e20ccae7f69207e72b647b8.jpg,original,1,1,1,0,0.934,1.066
Nalgene-August2021-Lifestyle-846-square-copy-2_jpg.rf.e99c5889ed0506b987fd889b725db17b_aug0_contrast.jpg,contrast,1,1,1,0,0.952,1.048
Nalgene-August2021-Lifestyle-846-square-copy-2_jpg.rf.e99c5889ed0506b987fd889b725db17b.jpg,original,1,1,1,0,0.953,1.047
IMG_0546_JPG_jpg.rf.51ba910d7c156c1e30a81e818d88446f_aug0_grayscale.jpg,grayscale,1,0,0,1,1.0,1.0
IMG_0763_JPG_jpg.rf.0bcba360fa687bd273219dd668bcda33_aug0_grayscale.jpg,grayscale,1,0,0,1,1.0,1.0
c_mallet_498_JPG_jpg.rf.ab915f8cd07479d6280334f077673e25_aug0_grayscale+contrast.jpg,grayscale+contrast,1,0,0,1,1.0,1.0
c_mallet_511_JPG_jpg.rf.3f1c7b2a6efa715f9e2e5d3ad18db852_aug0_gamma+grayscale.jpg,gamma+grayscale,1,0,0,1,1.0,1.0
green_nalgene_vid_mp4-127_jpg.rf.7893cb25527b25336b8c4d6cc8572ee4_aug0_defocus_blur+grayscale.jpg,defocus_blur+grayscale,1,0,0,1,1.0,1.0
green_nalgene_vid_mp4-132_jpg.rf.97fb06bff6850ea878c686e9e21fb15f_aug0_defocus_blur+noise.jpg,defocus_blur+noise,1,0,0,1,1.0,1.0
mallet109_jpeg_jpg.rf.d0f3ba08156de03614fe6bc797fd6d44.jpg,original,1,0,0,1,1.0,1.0
mallet109_jpeg_jpg.rf.d0f3ba08156de03614fe6bc797fd6d44_aug0_grayscale+noise.jpg,grayscale+noise,1,0,0,1,1.0,1.0
mallet1121_jpeg_jpg.rf.b3980b2eef19b71a3389f5ebe2733833_aug0_grayscale+gamma.jpg,grayscale+gamma,1,0,0,1,1.0,1.0
mallet1163_jpeg_jpg.rf.e1f577389d7783455fcf577129c7554c_aug0_noise+grayscale.jpg,noise+grayscale,1,0,0,1,1.0,1.0
mallet946_jpeg_jpg.rf.1078bdb2595cff53dfc11842cbf99312_aug0_gamma.jpg,gamma,1,0,0,1,1.0,1.0
mallet957_jpeg_jpg.rf.e52e3bc268490154e0f010ab309c067f_aug0_grayscale.jpg,grayscale,1,0,0,1,1.0,1.0
t_bot_mal359_jpeg_jpg.rf.0988be0328b307d7026a3fddea41f234_aug0_grayscale.jpg,grayscale,1,0,0,1,1.0,1.0
mallet656_jpeg_jpg.rf.eef8f9c20d6d1ea0e6024d86e67b67f8_aug0_noise+grayscale.jpg,noise+grayscale,1,1,0,0,0.262,0.738
t_bot_mal260_jpeg_jpg.rf.2955b85cce6005e0ee39048fcd04baf1_aug0_noise+grayscale.jpg,noise+grayscale,1,1,0,0,0.28,0.72
y2mate_com-The-Worlds-Best-Water-Bottle-Nalgene-Wide-Mouth-32-Oz_1080p_mp4-312_jpg.rf.f8dda89880b6a9b97eb31471163a73ab_aug0_noise.jpg,noise,2,2,0,0,0.282,0.718
IMG_8996_jpeg_jpg.rf.8b5fefd06a4e9b4d80f448289636eade.jpg,original,2,2,0,0,0.326,0.674
mallet524_jpeg_jpg.rf.cf1db4f4d0fe2c7cbc5633b25d92294b_aug0_motion_blur+defocus_blur.jpg,motion_blur+defocus_blur,1,1,0,0,0.349,0.651
IMG_0628_JPG_jpg.rf.3dae7625f3a0a8fe1ef2b303de9ff58e_aug0_grayscale.jpg,grayscale,1,1,0,0,0.368,0.632
JPEG-image-204_jpeg_jpg.rf.b47d46540d6df5cb0b74944ac8ef5500_aug0_noise+motion_blur.jpg,noise+motion_blur,5,5,0,0,0.369,0.631
IMG_0509_JPG_jpg.rf.ca46c829c42049e4cbb7bc8c37740185.jpg,original,3,3,0,0,0.377,0.623
y2mate_com-The-Worlds-Best-Water-Bottle-Nalgene-Wide-Mouth-32-Oz_1080p_mp4-312_jpg.rf.f8dda89880b6a9b97eb31471163a73ab.jpg,original,2,2,0,0,0.383,0.617
c_mallet_472_JPG_jpg.rf.9de59e9aa2c8f447ef57537ab24ffc7d_aug0_grayscale.jpg,grayscale,1,1,0,0,0.408,0.592
IMG_0613_JPG_jpg.rf.3371282e495765fde78924f7b9034132_aug0_grayscale+defocus_blur.jpg,grayscale+defocus_blur,2,2,0,0,0.409,0.591
IMG_9170_jpeg_jpg.rf.a617803e93289c3fb9bed1cd15536472_aug0_motion_blur.jpg,motion_blur,3,3,0,0,0.42,0.58
IMG_0514_JPG_jpg.rf.d1127595ddd692355b22ad243559367b.jpg,original,3,3,0,0,0.421,0.579
JPEG-image-251_jpeg_jpg.rf.be4c609b597d717e52828cdc66803248_aug0_noise+contrast.jpg,noise+contrast,5,5,0,0,0.431,0.569
t_bot_mal362_jpeg_jpg.rf.0af66008184e515bf9cb038088179dfe.jpg,original,1,1,0,0,0.431,0.569
t_bot_mal826_jpeg_jpg.rf.8c5d0fffa55e2db3069ff997c462319b_aug0_defocus_blur+grayscale.jpg,defocus_blur+grayscale,1,1,0,0,0.447,0.553
IMG_0576_JPG_jpg.rf.691d16660701551705fac19b3df29e37_aug0_motion_blur+contrast.jpg,motion_blur+contrast,2,2,0,0,0.479,0.521
mallet415_jpeg_jpg.rf.0d6478fe8203630ceb503c251b4d39ee.jpg,original,1,1,0,0,0.479,0.521
mallet1181_jpeg_jpg.rf.5b247122dc210090ca7f6213f9cc383c_aug0_grayscale+gamma.jpg,grayscale+gamma,1,1,0,0,0.483,0.517
mallet438_jpeg_jpg.rf.0551917ec9c62cc1b8dde857c23ec69e_aug0_motion_blur+noise.jpg,motion_blur+noise,2,2,0,0,0.488,0.512
mallet-video-Trim_mp4-63_jpg.rf.9c23fc00be922989b48695cb88a34b7d.jpg,original,1,1,0,0,0.489,0.511
IMG_0576_JPG_jpg.rf.691d16660701551705fac19b3df29e37.jpg,original,2,2,0,0,0.494,0.506
20231021_172822_jpg.rf.b462e399415872105c9920cb6628ed14.jpg,original,1,1,0,0,0.495,0.505
t_bot_mal779_jpeg_jpg.rf.14a402523d6641bf46744baf77c6eb1f_aug0_grayscale+contrast.jpg,grayscale+contrast,1,1,0,0,0.495,0.505
JPEG-image-251_jpeg_jpg.rf.be4c609b597d717e52828cdc66803248.jpg,original,5,5,0,0,0.497,0.503
mallet505_jpeg_jpg.rf.2fa0c4b853685e9f174f830ed4dfaec1.jpg,original,1,1,0,0,0.499,0.501
mallet53_jpeg_jpg.rf.48b24c410fe5e9575e84a6b17de47b04_aug0_grayscale.jpg,grayscale,1,1,0,0,0.5,0.5
mallet415_jpeg_jpg.rf.0d6478fe8203630ceb503c251b4d39ee_aug0_noise.jpg,noise,1,1,0,0,0.504,0.496
JPEG-image-216_jpeg_jpg.rf.cb1e508d39e35dd7e162f7f9fed8b840_aug0_defocus_blur+contrast.jpg,defocus_blur+contrast,5,5,0,0,0.508,0.492
c_mallet_1197_JPG_jpg.rf.89e5bcbae7b5576c507001bb1ad3ee33_aug0_contrast+motion_blur.jpg,contrast+motion_blur,1,1,0,0,0.515,0.485
20231021_172822_jpg.rf.b462e399415872105c9920cb6628ed14_aug0_noise.jpg,noise,1,1,0,0,0.516,0.484
mallet505_jpeg_jpg.rf.2fa0c4b853685e9f174f830ed4dfaec1_aug0_motion_blur.jpg,motion_blur,1,1,0,0,0.538,0.462
20231021_174953_jpg.rf.fd309594171707a2538853fc7425feb0.jpg,original,1,1,0,0,0.54,0.46
green_nalgene_vid_mp4-127_jpg.rf.7893cb25527b25336b8c4d6cc8572ee4.jpg,original,1,1,0,0,0.551,0.449
mallet620_jpeg_jpg.rf.3ec84d4088bd58d192f075e50ae5be7e_aug0_noise+contrast.jpg,noise+contrast,1,1,0,0,0.552,0.448
t_bot_mal264_jpeg_jpg.rf.cd0dbe8c6ce98a032594f9743cdb5323_aug0_contrast.jpg,contrast,1,1,0,0,0.553,0.447
c_mallet_498_JPG_jpg.rf.ab915f8cd07479d6280334f077673e25.jpg,original,1,1,0,0,0.555,0.445
IMG_0601_JPG_jpg.rf.ca3100f43cce898aed18c0e2e507bd43_aug0_contrast+noise.jpg,contrast+noise,2,2,0,0,0.557,0.443
green_nalgene_vid_mp4-132_jpg.rf.97fb06bff6850ea878c686e9e21fb15f.jpg,original,1,1,0,0,0.557,0.443
IMG_0575_JPG_jpg.rf.6b46d5c071992557a60ee623a281519a.jpg,original,2,2,0,0,0.559,0.441
IMG_9180_jpeg_jpg.rf.87935a56a5a10782927af9ac2ac7bb94.jpg,original,4,4,0,0,0.559,0.441
IMG_0761_JPG_jpg.rf.8e0d75ed368607b4607ebfc87b83ffb5_aug0_motion_blur.jpg,motion_blur,1,1,0,0,0.565,0.435
IMG_0646_JPG_jpg.rf.5e9fe982cea440090c81092f7f1ee89f_aug0_motion_blur+noise.jpg,motion_blur+noise,3,3,0,0,0.567,0.433
JPEG-image-245_jpeg_jpg.rf.8b2c4510e3c7740fd494191335f99da0.jpg,original,4,4,0,0,0.567,0.433
mallet1656_jpeg_jpg.rf.c92bf40ae9a92325d8060d902da97809_aug0_grayscale+defocus_blur.jpg,grayscale+defocus_blur,1,1,0,0,0.568,0.432
mallet718_jpeg_jpg.rf.fb14802c8bac8a3c4cc15511a61e83ba_aug0_contrast+grayscale.jpg,contrast+grayscale,1,1,0,0,0.568,0.432
IMG_0556_JPG_jpg.rf.0602a04a40e305442170a918f0605bb9_aug0_grayscale.jpg,grayscale,2,2,0,0,0.569,0.431
IMG_0489_JPG_jpg.rf.6a971475dcd18e8cc06b34c84ddd9847_aug0_motion_blur+gamma.jpg,motion_blur+gamma,1,1,0,0,0.57,0.43
IMG_0601_JPG_jpg.rf.ca3100f43cce898aed18c0e2e507bd43.jpg,original,2,2,0,0,0.573,0.427
mallet1452_jpeg_jpg.rf.a692c5c45c2b28d64a56473b258c94ae_aug0_noise+gamma.jpg,noise+gamma,1,1,0,0,0.573,0.427
20231021_175804_jpg.rf.9f588c411b163e5b0ca15c0855f850bb_aug0_grayscale+noise.jpg,grayscale+noise,1,1,0,0,0.574,0.426
IMG_0541_JPG_jpg.rf.8dd9ebf9877c57845227bf3b22d1513b_aug0_grayscale+gamma.jpg,grayscale+gamma,1,1,0,0,0.578,0.422
IMG_0556_JPG_jpg.rf.0602a04a40e305442170a918f0605bb9.jpg,original,2,2,0,0,0.58,0.42
t_bot_mal358_jpeg_jpg.rf.c17a924075ab6212b3441caae3d31a5c_aug0_defocus_blur.jpg,defocus_blur,1,1,0,0,0.58,0.42
mallet1452_jpeg_jpg.rf.a692c5c45c2b28d64a56473b258c94ae.jpg,original,1,1,0,0,0.583,0.417
IMG_0761_JPG_jpg.rf.8e0d75ed368607b4607ebfc87b83ffb5.jpg,original,1,1,0,0,0.59,0.41
JPEG-image-249_jpeg_jpg.rf.ab3d1de8d4c762084106705686b88b98_aug0_motion_blur+noise.jpg,motion_blur+noise,4,4,0,0,0.593,0.407
c_mallet_976_JPG_jpg.rf.e6f34843f281f2f87b7ea7e6c1a7aa5c_aug0_defocus_blur.jpg,defocus_blur,1,1,0,0,0.593,0.407
mallet1348_jpeg_jpg.rf.b3d06addd880bb471932632d9e3d6092.jpg,original,1,1,0,0,0.594,0.406
IMG_0598_JPG_jpg.rf.f39bd24f307fbcc76f8ed06a0d08b8ea_aug0_defocus_blur+contrast.jpg,defocus_blur+contrast,2,2,0,0,0.596,0.404
IMG_0646_JPG_jpg.rf.5e9fe982cea440090c81092f7f1ee89f.jpg,original,3,3,0,0,0.6,0.4
IMG_0652_JPG_jpg.rf.9338b9526db1ce9c7ce5a4c5cc3f8212_aug0_noise.jpg,noise,1,1,0,0,0.6,0.4
IMG_0609_JPG_jpg.rf.ce5caa4083c13a47c357958cf803801f.jpg,original,1,1,0,0,0.602,0.398
20231021_173828_jpg.rf.bd909081d54444c984aeaa5cda82c5c5_aug0_grayscale.jpg,grayscale,1,1,0,0,0.603,0.397
IMG_0491_JPG_jpg.rf.154469806c3630a4046af037c5dab836.jpg,original,1,1,0,0,0.603,0.397
IMG_0763_JPG_jpg.rf.0bcba360fa687bd273219dd668bcda33.jpg,original,1,1,0,0,0.603,0.397
c_mallet_505_JPG_jpg.rf.9d276db1cb70760b190cbd8029096151.jpg,original,1,1,0,0,0.603,0.397
t_bot_mal629_jpeg_jpg.rf.575f0c883ba3acddd73cdab9709c5a8d_aug0_grayscale+noise.jpg,grayscale+noise,1,1,0,0,0.603,0.397
20231021_173732_jpg.rf.4f2a60a8f418f9ac13bfc39cc97a4920.jpg,original,1,1,0,0,0.604,0.396
t_bot_mal533_jpeg_jpg.rf.5f822518c1fd9669ad248b15c6d37c14_aug0_noise+grayscale.jpg,noise+grayscale,1,1,0,0,0.605,0.395
IMG_0650_JPG_jpg.rf.4c3ce4f34e33a2225a981a81c740caf3.jpg,original,1,1,0,0,0.607,0.393
c_mallet_1115_JPG_jpg.rf.8c9f81956ef2fb16171a6919f95583d7.jpg,original,1,1,0,0,0.612,0.388
mallet240_jpeg_jpg.rf.374e57dde9141ca315a850b99fed50cb.jpg,original,1,1,0,0,0.612,0.388
IMG_0630_JPG_jpg.rf.75706e456a7a9c1379f20c5b2ae7d9e2_aug0_contrast+motion_blur.jpg,contrast+motion_blur,1,1,0,0,0.614,0.386
mallet1143_jpeg_jpg.rf.79a4bd6cf04eea6bf2c655973697e73d.jpg,original,1,1,0,0,0.614,0.386
mallet957_jpeg_jpg.rf.e52e3bc268490154e0f010ab309c067f.jpg,original,1,1,0,0,0.616,0.384
IMG_0489_JPG_jpg.rf.6a971475dcd18e8cc06b34c84ddd9847.jpg,original,1,1,0,0,0.618,0.382
t_bot_mal414_jpeg_jpg.rf.d26381a0d661d857aa20ddd3513b74a6.jpg,original,1,1,0,0,0.62,0.38
IMG_0645_JPG_jpg.rf.8c1971d75dbe46044f2d3516f5145851.jpg,original,3,3,0,0,0.621,0.379
IMG_0793_JPG_jpg.rf.1367b2cbd6bc31470fac2e20c7ca9843.jpg,original,2,2,0,0,0.621,0.379
t_bot_mal211_jpeg_jpg.rf.515de7c295872175e7b26cd077b1b9c4_aug0_grayscale+contrast.jpg,grayscale+contrast,1,1,0,0,0.621,0.379
mallet1054_jpeg_jpg.rf.cd026727df150fe884c69b920c2d7a8a_aug0_motion_blur+defocus_blur.jpg,motion_blur+defocus_blur,1,1,0,0,0.622,0.378
t_bot_mal105_jpeg_jpg.rf.48631d7b781cf12f9d4c20071f89c1e7_aug0_contrast+noise.jpg,contrast+noise,1,1,0,0,0.624,0.376
20231021_174500_jpg.rf.86bf590a41c945da349d1e47959ea0ef_aug0_gamma+grayscale.jpg,gamma+grayscale,1,1,0,0,0.625,0.375
JPEG-image-204_jpeg_jpg.rf.b47d46540d6df5cb0b74944ac8ef5500.jpg,original,5,5,0,0,0.625,0.375
c_mallet_503_JPG_jpg.rf.7b23d3fbe8bc75c8e17a76b10bb74fc7_aug0_contrast.jpg,contrast,2,2,0,0,0.625,0.375
mallet360_jpeg_jpg.rf.f3db6fc7f9f9ae7ae2bff4a7151214b7_aug0_grayscale.jpg,grayscale,2,2,0,0,0.625,0.375
IMG_0491_JPG_jpg.rf.154469806c3630a4046af037c5dab836_aug0_contrast+noise.jpg,contrast+noise,1,1,0,0,0.626,0.374
JPEG-image-245_jpeg_jpg.rf.8b2c4510e3c7740fd494191335f99da0_aug0_motion_blur.jpg,motion_blur,4,4,0,0,0.627,0.373
IMG_0490_JPG_jpg.rf.7f8a85f042616367c00a979ac3cd54de_aug0_gamma.jpg,gamma,1,1,0,0,0.629,0.371
JPEG-image-246_jpeg_jpg.rf.38e1ad04c0e6823e43b733fa8eb9213d_aug0_defocus_blur.jpg,defocus_blur,4,4,0,0,0.629,0.371
mallet438_jpeg_jpg.rf.0551917ec9c62cc1b8dde857c23ec69e.jpg,original,2,2,0,0,0.629,0.371
JPEG-image-228_jpeg_jpg.rf.2c5e3ea24ccd5671a308f2656cc55b2b_aug0_defocus_blur+grayscale.jpg,defocus_blur+grayscale,5,5,0,0,0.63,0.37
c_mallet_503_JPG_jpg.rf.7b23d3fbe8bc75c8e17a76b10bb74fc7.jpg,original,2,2,0,0,0.631,0.369
IMG_0490_JPG_jpg.rf.7f8a85f042616367c00a979ac3cd54de.jpg,original,1,1,0,0,0.632,0.368
mallet1143_jpeg_jpg.rf.79a4bd6cf04eea6bf2c655973697e73d_aug0_contrast.jpg,contrast,1,1,0,0,0.632,0.368
IMG_0645_JPG_jpg.rf.8c1971d75dbe46044f2d3516f5145851_aug0_motion_blur+noise.jpg,motion_blur+noise,3,3,0,0,0.633,0.367
JPEG-image-249_jpeg_jpg.rf.ab3d1de8d4c762084106705686b88b98.jpg,original,4,4,0,0,0.633,0.367
mallet759_jpeg_jpg.rf.0ca78b74df79f29397f3391a837b9740_aug0_defocus_blur+motion_blur.jpg,defocus_blur+motion_blur,1,1,0,0,0.633,0.367
c_mallet_505_JPG_jpg.rf.9d276db1cb70760b190cbd8029096151_aug0_noise.jpg,noise,1,1,0,0,0.636,0.364
mallet-video-Trim_mp4-36_jpg.rf.afe8606db97fb1e1251beaec13eb7d5c.jpg,original,1,1,0,0,0.636,0.364
t_bot_mal260_jpeg_jpg.rf.2955b85cce6005e0ee39048fcd04baf1.jpg,original,1,1,0,0,0.637,0.363
mallet290_jpeg_jpg.rf.210d97634df483127f8141cc6eb1749a_aug0_defocus_blur+grayscale.jpg,defocus_blur+grayscale,1,1,0,0,0.639,0.361
20231021_173400_jpg.rf.18dd7990b8ee0880bf69b51914a89f19_aug0_contrast+noise.jpg,contrast+noise,1,1,0,0,0.64,0.36
mallet10_jpeg_jpg.rf.c0f99e9d1fcaf801b1bfcd3e327f1232_aug0_contrast+gamma.jpg,contrast+gamma,1,1,0,0,0.64,0.36
t_bot_mal840_jpeg_jpg.rf.22d1abd0e39d5e5faece82dc84e2c5c3.jpg,original,1,1,0,0,0.64,0.36
t_bot_mal358_jpeg_jpg.rf.c17a924075ab6212b3441caae3d31a5c.jpg,original,1,1,0,0,0.641,0.359
t_bot_mal840_jpeg_jpg.rf.22d1abd0e39d5e5faece82dc84e2c5c3_aug0_contrast.jpg,contrast,1,1,0,0,0.641,0.359
IMG_0494_JPG_jpg.rf.68a19372b85d250fc1fa190d9a8d8080.jpg,original,2,2,0,0,0.642,0.358
20231021_173658_jpg.rf.26ec650bf870e9541afb2d49372d4119_aug0_grayscale+defocus_blur.jpg,grayscale+defocus_blur,1,1,0,0,0.643,0.357
IMG_0652_JPG_jpg.rf.9338b9526db1ce9c7ce5a4c5cc3f8212.jpg,original,1,1,0,0,0.643,0.357
IMG_0572_JPG_jpg.rf.0548bb4f88b37eb426a35da012562f58.jpg,original,2,2,0,0,0.646,0.354
t_bot_mal793_jpeg_jpg.rf.0f1b9121b7f91e73c27be10e44ae4458.jpg,original,1,1,0,0,0.646,0.354
IMG_0631_JPG_jpg.rf.90b25cf0db7d373b84eec5df6bcbe6dc_aug0_motion_blur.jpg,motion_blur,1,1,0,0,0.648,0.352
JPEG-image-216_jpeg_jpg.rf.cb1e508d39e35dd7e162f7f9fed8b840.jpg,original,5,5,0,0,0.648,0.352
t_bot_mal603_jpeg_jpg.rf.d2c4628715187fea49f0d75e8e0cd9e1.jpg,original,1,1,0,0,0.649,0.351
IMG_0602_JPG_jpg.rf.31ab06e514ec7edc2d694dc2e6ab425e_aug0_contrast.jpg,contrast,1,1,0,0,0.65,0.35
mallet1054_jpeg_jpg.rf.cd026727df150fe884c69b920c2d7a8a.jpg,original,1,1,0,0,0.65,0.35
mallet1352_jpeg_jpg.rf.75f9e427aa11eb203c586a2df614ad81_aug0_gamma+motion_blur.jpg,gamma+motion_blur,1,1,0,0,0.651,0.349
t_bot_mal512_jpeg_jpg.rf.eb7c6995fe886af9602d6b8a536b3bb0.jpg,original,1,1,0,0,0.651,0.349
c_mallet_1099_JPG_jpg.rf.1c92be9b994396eb5e98edbff759cb7b_aug0_contrast+grayscale.jpg,contrast+grayscale,1,1,0,0,0.653,0.347
mallet620_jpeg_jpg.rf.3ec84d4088bd58d192f075e50ae5be7e.jpg,original,1,1,0,0,0.655,0.345
c_mallet_425_JPG_jpg.rf.34d109f9b6975cbe67e493e9eef8118b_aug0_grayscale.jpg,grayscale,1,1,0,0,0.656,0.344
mallet1121_jpeg_jpg.rf.b3980b2eef19b71a3389f5ebe2733833.jpg,original,1,1,0,0,0.656,0.344
t_bot_mal505_jpeg_jpg.rf.e8e226c11372b0b14d7a39947ac2d478_aug0_grayscale.jpg,grayscale,1,1,0,0,0.657,0.343
20231021_175011_jpg.rf.4cdaf9ac2621d566f278fa13a18b7185_aug0_grayscale.jpg,grayscale,1,1,0,0,0.658,0.342
mallet10_jpeg_jpg.rf.c0f99e9d1fcaf801b1bfcd3e327f1232.jpg,original,1,1,0,0,0.658,0.342
mallet1425_jpeg_jpg.rf.ca4dfa56e2f3bc801d2b930fca2fe9da.jpg,original,1,1,0,0,0.659,0.341
91_jpg.rf.9dd8ec3a4e1674bc069b01c147819d3d_aug0_contrast.jpg,contrast,1,1,0,0,0.66,0.34
c_mallet_363_JPG_jpg.rf.e7eac084c99b8033fcc1d7c2a0f235ed_aug0_defocus_blur+noise.jpg,defocus_blur+noise,1,1,0,0,0.66,0.34
t_bot_mal414_jpeg_jpg.rf.d26381a0d661d857aa20ddd3513b74a6_aug0_defocus_blur+noise.jpg,defocus_blur+noise,1,1,0,0,0.66,0.34
t_bot_mal800_jpeg_jpg.rf.b9f249e7ca4c2fbed9ffc7735b9b6986_aug0_noise+contrast.jpg,noise+contrast,1,1,0,0,0.66,0.34
IMG_0650_JPG_jpg.rf.4c3ce4f34e33a2225a981a81c740caf3_aug0_gamma+motion_blur.jpg,gamma+motion_blur,1,1,0,0,0.661,0.339
JPEG-image-217_jpeg_jpg.rf.850db5e2746cf6ca1d957a1964c857b8_aug0_noise.jpg,noise,5,5,0,0,0.661,0.339
mallet-video-Trim_mp4-77_jpg.rf.604c6abe6628dabfe31754e0b393cad4_aug0_grayscale.jpg,grayscale,1,1,0,0,0.661,0.339
t_bot_mal578_jpeg_jpg.rf.fb5626696ed2e06f494f68c9e8ce5f6c_aug0_grayscale+motion_blur.jpg,grayscale+motion_blur,1,1,0,0,0.662,0.338
IMG_0602_JPG_jpg.rf.31ab06e514ec7edc2d694dc2e6ab425e.jpg,original,1,1,0,0,0.663,0.337
20231021_174953_jpg.rf.fd309594171707a2538853fc7425feb0_aug0_gamma+noise.jpg,gamma+noise,1,1,0,0,0.664,0.336
c_mallet_52_JPG_jpg.rf.109d48c79716fce5db5128e2c18921f0_aug0_noise+contrast.jpg,noise+contrast,1,1,0,0,0.667,0.333
c_mallet_708_JPG_jpg.rf.2c208979706f14152d153743942820c6_aug0_noise+grayscale.jpg,noise+grayscale,2,2,0,0,0.667,0.333
mallet1494_jpeg_jpg.rf.7c7b2dedd4f0643f8ab5d64852d27087.jpg,original,1,1,0,0,0.667,0.333
20231021_173732_jpg.rf.4f2a60a8f418f9ac13bfc39cc97a4920_aug0_defocus_blur+contrast.jpg,defocus_blur+contrast,1,1,0,0,0.668,0.332
mallet1494_jpeg_jpg.rf.7c7b2dedd4f0643f8ab5d64852d27087_aug0_gamma.jpg,gamma,1,1,0,0,0.67,0.33
20231021_174614_jpg.rf.4abd5977341ece970fa242971d8ba7bc_aug0_contrast+grayscale.jpg,contrast+grayscale,1,1,0,0,0.671,0.329
t_bot_mal512_jpeg_jpg.rf.eb7c6995fe886af9602d6b8a536b3bb0_aug0_motion_blur+noise.jpg,motion_blur+noise,1,1,0,0,0.671,0.329
91_jpg.rf.9dd8ec3a4e1674bc069b01c147819d3d.jpg,original,1,1,0,0,0.672,0.328
mallet1004_jpeg_jpg.rf.683ce1e8cdc16d7c4b812d05f217fd56_aug0_noise+grayscale.jpg,noise+grayscale,1,1,0,0,0.672,0.328
20231021_173828_jpg.rf.bd909081d54444c984aeaa5cda82c5c5.jpg,original,1,1,0,0,0.674,0.326
mallet-video-Trim_mp4-36_jpg.rf.afe8606db97fb1e1251beaec13eb7d5c_aug0_defocus_blur.jpg,defocus_blur,1,1,0,0,0.674,0.326
mallet1299_jpeg_jpg.rf.897529b00dce414f9755dcdd9e3d3d73_aug0_motion_blur.jpg,motion_blur,1,1,0,0,0.674,0.326
20231021_172820_jpg.rf.9e4ca1a03580c3d183485cc337b338ee.jpg,original,1,1,0,0,0.675,0.325
20231021_174555_jpg.rf.c0beb35d9167ad40bc9416afed9ad6b9_aug0_noise.jpg,noise,1,1,0,0,0.676,0.324
t_bot_mal222_jpeg_jpg.rf.a69cf1ff4eeebe76a82e3bdc5365aa18_aug0_defocus_blur.jpg,defocus_blur,1,1,0,0,0.678,0.322
t_bot_mal793_jpeg_jpg.rf.0f1b9121b7f91e73c27be10e44ae4458_aug0_motion_blur+defocus_blur.jpg,motion_blur+defocus_blur,1,1,0,0,0.68,0.32
IMG_0622_JPG_jpg.rf.fd70163e11d516c7ff020b97b7baf031_aug0_noise+defocus_blur.jpg,noise+defocus_blur,1,1,0,0,0.682,0.318
IMG_0653_JPG_jpg.rf.3715dbf3cc74fcec9259a9aaafeda52f.jpg,original,1,1,0,0,0.682,0.318
20231021_172820_jpg.rf.9e4ca1a03580c3d183485cc337b338ee_aug0_gamma.jpg,gamma,1,1,0,0,0.684,0.316
20231021_174442_jpg.rf.019cd184d89c6d2f47dd84fe345b7c0c.jpg,original,1,1,0,0,0.685,0.315
1literwidemouthwaterbottle62_jpeg_jpg.rf.8789c43b6f34a0ddb5a9bf5dc797aceb.jpg,original,1,1,0,0,0.687,0.313
IMG_0598_JPG_jpg.rf.f39bd24f307fbcc76f8ed06a0d08b8ea.jpg,original,2,2,0,0,0.687,0.313
c_mallet_591_JPG_jpg.rf.6db2999670dd3b7795a1a43a49beb196.jpg,original,1,1,0,0,0.687,0.313
c_mallet_591_JPG_jpg.rf.6db2999670dd3b7795a1a43a49beb196_aug0_contrast.jpg,contrast,1,1,0,0,0.687,0.313
264_jpg.rf.dc4beb68741ca6509d55cf84a8a5a605.jpg,original,1,1,0,0,0.688,0.312
mallet1425_jpeg_jpg.rf.ca4dfa56e2f3bc801d2b930fca2fe9da_aug0_gamma.jpg,gamma,1,1,0,0,0.688,0.312
27_jpg.rf.9c39049ad5f8bc6d6210d21a2ac3bddd_aug0_noise.jpg,noise,1,1,0,0,0.69,0.31
20231021_173923_jpg.rf.c0f1a97b9a94701c30bb374086125cde_aug0_defocus_blur.jpg,defocus_blur,1,1,0,0,0.691,0.309
20231021_174442_jpg.rf.019cd184d89c6d2f47dd84fe345b7c0c_aug0_contrast.jpg,contrast,1,1,0,0,0.691,0.309
c_mallet_980_JPG_jpg.rf.c8b592960989d9ecf288f258fc852e90.jpg,original,1,1,0,0,0.691,0.309
20231021_173751_jpg.rf.63b5f10fd45e65d8b98fa27f1317976a_aug0_motion_blur.jpg,motion_blur,1,1,0,0,0.692,0.308
mallet1181_jpeg_jpg.rf.5b247122dc210090ca7f6213f9cc383c.jpg,original,1,1,0,0,0.692,0.308
mallet1352_jpeg_jpg.rf.75f9e427aa11eb203c586a2df614ad81.jpg,original,1,1,0,0,0.693,0.307
c_mallet_363_JPG_jpg.rf.e7eac084c99b8033fcc1d7c2a0f235ed.jpg,original,1,1,0,0,0.694,0.306
20231021_174410_jpg.rf.d1f0e08aaae570d024d1c29365e7dc2e_aug0_defocus_blur+grayscale.jpg,defocus_blur+grayscale,1,1,0,0,0.695,0.305
20231021_175016_jpg.rf.c8c59ed18d7cc9fcc28713f7ef7b3693.jpg,original,1,1,0,0,0.695,0.305
c_mallet_510_JPG_jpg.rf.63b64a13398468b6eb9ca42507948385_aug0_contrast.jpg,contrast,1,1,0,0,0.695,0.305
c_mallet_980_JPG_jpg.rf.c8b592960989d9ecf288f258fc852e90_aug0_grayscale+noise.jpg,grayscale+noise,1,1,0,0,0.695,0.305
20231021_175016_jpg.rf.c8c59ed18d7cc9fcc28713f7ef7b3693_aug0_contrast.jpg,contrast,1,1,0,0,0.696,0.304
mallet-video-Trim_mp4-15_jpg.rf.44e8c76f0912902da4f1005835cf6ec2_aug0_contrast.jpg,contrast,1,1,0,0,0.699,0.301
mallet1230_jpeg_jpg.rf.9aaede105f150c8b33068ecba640dc16.jpg,original,1,1,0,0,0.699,0.301
20231021_174842_jpg.rf.fae9741011e123eec7b73543364bc700_aug0_contrast.jpg,contrast,1,1,0,0,0.7,0.3
c_mallet_709_JPG_jpg.rf.3dae64d3513a6c7208eb6fb59fe46d25_aug0_grayscale.jpg,grayscale,2,2,0,0,0.7,0.3
mallet-video-Trim_mp4-15_jpg.rf.44e8c76f0912902da4f1005835cf6ec2.jpg,original,1,1,0,0,0.7,0.3
mallet1288_jpeg_jpg.rf.3a5fbd394ee688d7fc19d115bec6c104_aug0_grayscale.jpg,grayscale,1,1,0,0,0.7,0.3
27_jpg.rf.9c39049ad5f8bc6d6210d21a2ac3bddd.jpg,original,1,1,0,0,0.701,0.299
20231021_175011_jpg.rf.4cdaf9ac2621d566f278fa13a18b7185.jpg,original,1,1,0,0,0.702,0.298
t_bot_mal523_jpeg_jpg.rf.1de6c6a5f7c7fa98dd6ba1acf76a862f_aug0_motion_blur+contrast.jpg,motion_blur+contrast,1,1,0,0,0.702,0.298
t_bot_mal742_jpeg_jpg.rf.9ed6ac6d14eb6adfa97582f1bf56d8fc_aug0_defocus_blur+grayscale.jpg,defocus_blur+grayscale,1,1,0,0,0.703,0.297
IMG_2787_JPG_jpg.rf.775289e797c9e7d6f9184c255fcded24_aug0_contrast+motion_blur.jpg,contrast+motion_blur,1,1,0,0,0.704,0.296
c_mallet_510_JPG_jpg.rf.63b64a13398468b6eb9ca42507948385.jpg,original,1,1,0,0,0.704,0.296
c_mallet_52_JPG_jpg.rf.109d48c79716fce5db5128e2c18921f0.jpg,original,1,1,0,0,0.704,0.296
mallet1299_jpeg_jpg.rf.897529b00dce414f9755dcdd9e3d3d73.jpg,original,1,1,0,0,0.704,0.296
20231021_174521_jpg.rf.ae56e9fe45ffd36f0653350025ec0ab8.jpg,original,1,1,0,0,0.705,0.295
20231021_174555_jpg.rf.c0beb35d9167ad40bc9416afed9ad6b9.jpg,original,1,1,0,0,0.705,0.295
JPEG-image-246_jpeg_jpg.rf.38e1ad04c0e6823e43b733fa8eb9213d.jpg,original,4,4,0,0,0.706,0.294
c_mallet_478_JPG_jpg.rf.d7f4f12854977ab4bf9de1c9eb11e109_aug0_grayscale+noise.jpg,grayscale+noise,1,1,0,0,0.706,0.294
mallet413_jpeg_jpg.rf.d2431c04b04c2396b538de8e05a6703d.jpg,original,2,2,0,0,0.707,0.293
20231021_174842_jpg.rf.fae9741011e123eec7b73543364bc700.jpg,original,1,1,0,0,0.708,0.292
20231021_174243_jpg.rf.ed9469748a2d4e07234b433fcd56b9ca.jpg,original,1,1,0,0,0.709,0.291
20231021_174243_jpg.rf.ed9469748a2d4e07234b433fcd56b9ca_aug0_contrast.jpg,contrast,1,1,0,0,0.709,0.291
IMG_0622_JPG_jpg.rf.fd70163e11d516c7ff020b97b7baf031.jpg,original,1,1,0,0,0.709,0.291
c_mallet_841_JPG_jpg.rf.1a434090940346c8c8491cf422d9a828_aug0_noise+motion_blur.jpg,noise+motion_blur,1,1,0,0,0.709,0.291
t_bot_mal532_jpeg_jpg.rf.b45c94be0529a6fedc565dac1e6fcae0_aug0_contrast+grayscale.jpg,contrast+grayscale,1,1,0,0,0.709,0.291
mallet-video-Trim_mp4-10_jpg.rf.80c7a72bd1dc505cd0feb353fa08f5a1_aug0_grayscale+defocus_blur.jpg,grayscale+defocus_blur,1,1,0,0,0.71,0.29
mallet661_jpeg_jpg.rf.61730de1a513d7cdf631291d03a93e90.jpg,original,1,1,0,0,0.71,0.29
mallet903_jpeg_jpg.rf.87ea282071df4023538c552b53dd6046.jpg,original,1,1,0,0,0.71,0.29
t_bot_mal416_jpeg_jpg.rf.7e31de2a095b677222cc91a0ccad5707_aug0_motion_blur.jpg,motion_blur,1,1,0,0,0.71,0.29
20231021_175109_jpg.rf.d3556b9f11aa710745b029a5a6315f6e_aug0_motion_blur.jpg,motion_blur,1,1,0,0,0.712,0.288
IMG_0630_JPG_jpg.rf.75706e456a7a9c1379f20c5b2ae7d9e2.jpg,original,1,1,0,0,0.712,0.288
t_bot_mal105_jpeg_jpg.rf.48631d7b781cf12f9d4c20071f89c1e7.jpg,original,1,1,0,0,0.713,0.287
c_mallet_653_JPG_jpg.rf.4e87b307401ee20f8842e416867397f1.jpg,original,1,1,0,0,0.714,0.286
mallet1230_jpeg_jpg.rf.9aaede105f150c8b33068ecba640dc16_aug0_defocus_blur.jpg,defocus_blur,1,1,0,0,0.714,0.286
20231021_173658_jpg.rf.26ec650bf870e9541afb2d49372d4119.jpg,original,1,1,0,0,0.715,0.285
mallet-video-Trim_mp4-80_jpg.rf.dd9cc79959b4dd998b596de8d235ff47_aug0_grayscale.jpg,grayscale,1,1,0,0,0.715,0.285
mallet1288_jpeg_jpg.rf.3a5fbd394ee688d7fc19d115bec6c104.jpg,original,1,1,0,0,0.715,0.285
c_mallet_841_JPG_jpg.rf.1a434090940346c8c8491cf422d9a828.jpg,original,1,1,0,0,0.716,0.284
mallet661_jpeg_jpg.rf.61730de1a513d7cdf631291d03a93e90_aug0_motion_blur.jpg,motion_blur,1,1,0,0,0.716,0.284
IMG_0593_JPG_jpg.rf.8939df9adc12e343b3e466ced97ce29a.jpg,original,1,1,0,0,0.717,0.283
IMG_0631_JPG_jpg.rf.90b25cf0db7d373b84eec5df6bcbe6dc.jpg,original,1,1,0,0,0.717,0.283
IMG_0778_JPG_jpg.rf.a72355146513659c5f10b1f2e96bb8ab.jpg,original,1,1,0,0,0.718,0.282
IMG_0778_JPG_jpg.rf.a72355146513659c5f10b1f2e96bb8ab_aug0_defocus_blur.jpg,defocus_blur,1,1,0,0,0.719,0.281
mallet-video-Trim_mp4-80_jpg.rf.dd9cc79959b4dd998b596de8d235ff47.jpg,original,1,1,0,0,0.72,0.28
t_bot_mal38_jpeg_jpg.rf.64f1ec480ebd92b7ec69a9d37e4f66ad.jpg,original,1,1,0,0,0.72,0.28
20231021_173751_jpg.rf.63b5f10fd45e65d8b98fa27f1317976a.jpg,original,1,1,0,0,0.721,0.279
mallet-video-Trim_mp4-79_jpg.rf.5586c1d41cc34c7a2c9e5f113bdd5e51_aug0_defocus_blur.jpg,defocus_blur,1,1,0,0,0.721,0.279
mallet261_jpeg_jpg.rf.e9e4c2f9039140b61d3407c43d4ebfa0_aug0_grayscale+gamma.jpg,grayscale+gamma,1,1,0,0,0.721,0.279
IMG_0613_JPG_jpg.rf.3371282e495765fde78924f7b9034132.jpg,original,2,2,0,0,0.722,0.278
mallet1196_jpeg_jpg.rf.fd174229ef364dda132b9966b0205148_aug0_noise.jpg,noise,1,1,0,0,0.724,0.276
mallet839_jpeg_jpg.rf.d37aa8bdc290078c3a292e5d5833c08b_aug0_noise+gamma.jpg,noise+gamma,1,1,0,0,0.724,0.276
t_bot_mal102_jpeg_jpg.rf.646b98e80e0f8b48dd0e52094bb39635_aug0_gamma+grayscale.jpg,gamma+grayscale,1,1,0,0,0.725,0.275
JPEG-image-247_jpeg_jpg.rf.217dee89b09412383b9866a09b61afd3.jpg,original,4,4,0,0,0.726,0.274
c_mallet_708_JPG_jpg.rf.2c208979706f14152d153743942820c6.jpg,original,2,2,0,0,0.726,0.274
mallet1243_jpeg_jpg.rf.8cb0ece72be366a3611e3fb6d1a04c5b.jpg,original,1,1,0,0,0.726,0.274
IMG_0204_JPG_jpg.rf.6554f5cba7eb351fe9e7bb4d6889cf28_aug0_motion_blur+noise.jpg,motion_blur+noise,1,1,0,0,0.728,0.272
mallet903_jpeg_jpg.rf.87ea282071df4023538c552b53dd6046_aug0_contrast.jpg,contrast,1,1,0,0,0.728,0.272
IMG_0619_JPG_jpg.rf.6083833e85591e71c68b0b58e35ce1a5_aug0_contrast.jpg,contrast,2,2,0,0,0.729,0.271
JPEG-image-252_jpeg_jpg.rf.c6c5387305eb32298ffbd6d30ca40c3d_aug0_contrast+defocus_blur.jpg,contrast+defocus_blur,3,3,0,0,0.729,0.271
c_mallet_1072_JPG_jpg.rf.993770ffc1327a5b3786bb3a10e96e12_aug0_noise.jpg,noise,1,1,0,0,0.729,0.271
mallet-video-Trim_mp4-79_jpg.rf.5586c1d41cc34c7a2c9e5f113bdd5e51.jpg,original,1,1,0,0,0.729,0.271
JPEG-image-217_jpeg_jpg.rf.850db5e2746cf6ca1d957a1964c857b8.jpg,original,5,5,0,0,0.73,0.27
mallet1220_jpeg_jpg.rf.97a63b9540b78a2dce18919ec727bef4_aug0_gamma+noise.jpg,gamma+noise,1,1,0,0,0.73,0.27
20231021_173705_jpg.rf.3515a07329fd20138f4bf586be79a43c_aug0_defocus_blur+noise.jpg,defocus_blur+noise,1,1,0,0,0.731,0.269
20231021_174410_jpg.rf.d1f0e08aaae570d024d1c29365e7dc2e.jpg,original,1,1,0,0,0.731,0.269
82_jpg.rf.6f5a2ad4b402f010d50ef43b6c4e12c3_aug0_contrast+grayscale.jpg,contrast+grayscale,1,1,0,0,0.731,0.269
JPEG-image-218_jpeg_jpg.rf.886f89985db3ba5ca4a33473797d0176_aug0_gamma.jpg,gamma,5,5,0,0,0.732,0.268
c_mallet_151_JPG_jpg.rf.587c5088458c8bd36f7f5e3d6e8ca593_aug0_gamma.jpg,gamma,1,1,0,0,0.732,0.268
IMG_0408_JPG_jpg.rf.69b231f5bef8000dca6faea7c7106e0b_aug0_grayscale+motion_blur.jpg,grayscale+motion_blur,1,1,0,0,0.733,0.267
JPEG-image-218_jpeg_jpg.rf.886f89985db3ba5ca4a33473797d0176.jpg,original,5,5,0,0,0.733,0.267
mallet413_jpeg_jpg.rf.d2431c04b04c2396b538de8e05a6703d_aug0_motion_blur.jpg,motion_blur,2,2,0,0,0.733,0.267
t_bot_mal186_jpeg_jpg.rf.93b4341392d3ba941545774e5189cc7b_aug0_gamma+grayscale.jpg,gamma+grayscale,1,1,0,0,0.733,0.267
IMG_0619_JPG_jpg.rf.6083833e85591e71c68b0b58e35ce1a5.jpg,original,2,2,0,0,0.734,0.266
c_mallet_653_JPG_jpg.rf.4e87b307401ee20f8842e416867397f1_aug0_gamma.jpg,gamma,1,1,0,0,0.734,0.266
38_jpg.rf.43027ac5159c63ebaa2772ba221463c4_aug0_grayscale+noise.jpg,grayscale+noise,1,1,0,0,0.735,0.265
IMG_0546_JPG_jpg.rf.51ba910d7c156c1e30a81e818d88446f.jpg,original,1,1,0,0,0.735,0.265
JPEG-image-247_jpeg_jpg.rf.217dee89b09412383b9866a09b61afd3_aug0_noise+gamma.jpg,noise+gamma,4,4,0,0,0.735,0.265
214_jpg.rf.6c565eae49117e34ceb5ab7d67aa1c8f.jpg,original,1,1,0,0,0.736,0.264
20231021_175040_jpg.rf.5e34d26b2219e3529391bfa1f980d7fd.jpg,original,1,1,0,0,0.737,0.263
c_mallet_151_JPG_jpg.rf.587c5088458c8bd36f7f5e3d6e8ca593.jpg,original,1,1,0,0,0.737,0.263
mallet279_jpeg_jpg.rf.64ce7950548a5770110218e9a3301325.jpg,original,1,1,0,0,0.737,0.263
mallet279_jpeg_jpg.rf.64ce7950548a5770110218e9a3301325_aug0_defocus_blur.jpg,defocus_blur,1,1,0,0,0.737,0.263
c_mallet_203_JPG_jpg.rf.be4da726cdfe93c81f1c4fab6c91174f_aug0_contrast.jpg,contrast,1,1,0,0,0.738,0.262
c_mallet_558_JPG_jpg.rf.b37211da635dc2f6761ecff9a02c73a5_aug0_motion_blur.jpg,motion_blur,1,1,0,0,0.738,0.262
IMG_0808_JPG_jpg.rf.fb9f5ca4cd4304547c6fce0273ca766a_aug0_contrast+defocus_blur.jpg,contrast+defocus_blur,1,1,0,0,0.739,0.261
JPEG-image-228_jpeg_jpg.rf.2c5e3ea24ccd5671a308f2656cc55b2b.jpg,original,5,5,0,0,0.739,0.261
JPEG-image-225_jpeg_jpg.rf.dcff07b1134e382bb8623819769fcab0_aug0_contrast.jpg,contrast,5,5,0,0,0.74,0.26
20231021_174500_jpg.rf.86bf590a41c945da349d1e47959ea0ef.jpg,original,1,1,0,0,0.742,0.258
JPEG-image-225_jpeg_jpg.rf.dcff07b1134e382bb8623819769fcab0.jpg,original,5,5,0,0,0.742,0.258
c_mallet_558_JPG_jpg.rf.b37211da635dc2f6761ecff9a02c73a5.jpg,original,1,1,0,0,0.742,0.258
mallet839_jpeg_jpg.rf.d37aa8bdc290078c3a292e5d5833c08b.jpg,original,1,1,0,0,0.742,0.258
20231021_173140_jpg.rf.8c6c3a12d0512fb3a835ef03de56960b.jpg,original,1,1,0,0,0.744,0.256
mallet759_jpeg_jpg.rf.0ca78b74df79f29397f3391a837b9740.jpg,original,1,1,0,0,0.744,0.256
t_bot_mal612_jpeg_jpg.rf.a8b30b78a922c2f56ad2d8daa2226723.jpg,original,1,1,0,0,0.745,0.255
20231021_173705_jpg.rf.3515a07329fd20138f4bf586be79a43c.jpg,original,1,1,0,0,0.747,0.253
JPEG-image-252_jpeg_jpg.rf.c6c5387305eb32298ffbd6d30ca40c3d.jpg,original,3,3,0,0,0.747,0.253
20231021_174914_jpg.rf.5120db45f9751d3f631d074f4e3b23bf_aug0_noise+motion_blur.jpg,noise+motion_blur,1,1,0,0,0.748,0.252
c_mallet_203_JPG_jpg.rf.be4da726cdfe93c81f1c4fab6c91174f.jpg,original,1,1,0,0,0.749,0.251
c_mallet_262_JPG_jpg.rf.8d9d598af72f0069ad01275947f29cda.jpg,original,1,1,0,0,0.749,0.251
c_mallet_709_JPG_jpg.rf.3dae64d3513a6c7208eb6fb59fe46d25.jpg,original,2,2,0,0,0.749,0.251
20231021_173326_jpg.rf.0ef9a1226384f9fdd011d03711cefe3c_aug0_defocus_blur.jpg,defocus_blur,1,1,0,0,0.75,0.25
JPEG-image-207_jpeg_jpg.rf.b8288eb06d114fe4f02baf00f8e5f316_aug0_motion_blur.jpg,motion_blur,5,5,0,0,0.75,0.25
mallet765_jpeg_jpg.rf.80d828220c8ae5bfe62f249cfb04d3e6.jpg,original,1,1,0,0,0.75,0.25
t_bot_mal363_jpeg_jpg.rf.675d9858e068c95a907cf9288c1eae59.jpg,original,1,1,0,0,0.75,0.25
20231021_174404_jpg.rf.d36bb5c6444e5ffe98ba27190aaa5865_aug0_contrast.jpg,contrast,1,1,0,0,0.751,0.249
t_bot_mal264_jpeg_jpg.rf.cd0dbe8c6ce98a032594f9743cdb5323.jpg,original,1,1,0,0,0.751,0.249
t_bot_mal459_jpeg_jpg.rf.7c9761f8bb327a20b37bf3fc490c485f_aug0_motion_blur+contrast.jpg,motion_blur+contrast,1,1,0,0,0.751,0.249
20231021_173956_jpg.rf.c435ab3e5461a521ef2035a8c323f5e6_aug0_motion_blur.jpg,motion_blur,1,1,0,0,0.752,0.248
20231021_174528_jpg.rf.50e02b21b3bf5cb7267d3f11fa3df9bc_aug0_gamma+grayscale.jpg,gamma+grayscale,1,1,0,0,0.752,0.248
20231021_175154_jpg.rf.f87067b93c613ab3d615f6f2eb684403_aug0_motion_blur.jpg,motion_blur,1,1,0,0,0.752,0.248
265_jpg.rf.a2f592c86d275c54e25b773fe4175b36_aug0_defocus_blur+contrast.jpg,defocus_blur+contrast,1,1,0,0,0.752,0.248
t_bot_mal612_jpeg_jpg.rf.a8b30b78a922c2f56ad2d8daa2226723_aug0_contrast.jpg,contrast,1,1,0,0,0.753,0.247
20231021_173326_jpg.rf.0ef9a1226384f9fdd011d03711cefe3c.jpg,original,1,1,0,0,0.754,0.246
20231021_174242_jpg.rf.de7304666aaf4ba3fb6f654c95fb228d_aug0_contrast+grayscale.jpg,contrast+grayscale,1,1,0,0,0.754,0.246
20231021_173359_jpg.rf.bf4188cb4d0cb641af937cd1a474fc91_aug0_gamma+grayscale.jpg,gamma+grayscale,1,1,0,0,0.755,0.245
IMG_0760_JPG_jpg.rf.4aef41dce8661d1efb3b2ea6fe79be40_aug0_gamma+noise.jpg,gamma+noise,1,1,0,0,0.755,0.245
c_mallet_91_JPG_jpg.rf.633a99a0fa8aae64615aff722013368d_aug0_motion_blur.jpg,motion_blur,1,1,0,0,0.755,0.245
t_bot_mal579_jpeg_jpg.rf.984465fcd799977fdd3995f01cd377b0_aug0_grayscale+gamma.jpg,grayscale+gamma,1,1,0,0,0.755,0.245
20231021_174914_jpg.rf.5120db45f9751d3f631d074f4e3b23bf.jpg,original,1,1,0,0,0.756,0.244
JPEG-image-207_jpeg_jpg.rf.b8288eb06d114fe4f02baf00f8e5f316.jpg,original,5,5,0,0,0.756,0.244
y2mate_com-The-Worlds-Best-Water-Bottle-Nalgene-Wide-Mouth-32-Oz_1080p_mp4-154_jpg.rf.eb225512d528d76904a470338db6a6a5_aug0_defocus_blur+grayscale.jpg,defocus_blur+grayscale,1,1,0,0,0.756,0.244
20231021_174404_jpg.rf.d36bb5c6444e5ffe98ba27190aaa5865.jpg,original,1,1,0,0,0.757,0.243
t_bot_mal363_jpeg_jpg.rf.675d9858e068c95a907cf9288c1eae59_aug0_gamma.jpg,gamma,1,1,0,0,0.757,0.243
t_bot_mal523_jpeg_jpg.rf.1de6c6a5f7c7fa98dd6ba1acf76a862f.jpg,original,1,1,0,0,0.757,0.243
IMG_0152_JPG_jpg.rf.aa5ba84caa520490ba446c6687fb50b8_aug0_noise.jpg,noise,1,1,0,0,0.758,0.242
y2mate_com-The-Worlds-Best-Water-Bottle-Nalgene-Wide-Mouth-32-Oz_1080p_mp4-135_jpg.rf.e421b663663d88313002ab554994ece9.jpg,original,1,1,0,0,0.758,0.242
20231021_173243_jpg.rf.dcf6ad1e40c01f12925344dcc5443dec_aug0_gamma.jpg,gamma,1,1,0,0,0.759,0.241
mallet1196_jpeg_jpg.rf.fd174229ef364dda132b9966b0205148.jpg,original,1,1,0,0,0.759,0.241
c_mallet_808_JPG_jpg.rf.5490eb11801d7a76213fdcb6966e476c.jpg,original,1,1,0,0,0.76,0.24
mallet411_jpeg_jpg.rf.788df2e4970d4523d971b292cfdf0f28_aug0_defocus_blur.jpg,defocus_blur,2,2,0,0,0.76,0.24
mallet765_jpeg_jpg.rf.80d828220c8ae5bfe62f249cfb04d3e6_aug0_defocus_blur.jpg,defocus_blur,1,1,0,0,0.76,0.24
mallet307_jpeg_jpg.rf.96e6af170aa10ae0afa9e785bb7c27ea_aug0_contrast+grayscale.jpg,contrast+grayscale,1,1,0,0,0.761,0.239
mallet718_jpeg_jpg.rf.fb14802c8bac8a3c4cc15511a61e83ba.jpg,original,1,1,0,0,0.762,0.238
t_bot_mal505_jpeg_jpg.rf.e8e226c11372b0b14d7a39947ac2d478.jpg,original,1,1,0,0,0.762,0.238
t_bot_mal800_jpeg_jpg.rf.b9f249e7ca4c2fbed9ffc7735b9b6986.jpg,original,1,1,0,0,0.762,0.238
20231021_173737_jpg.rf.eaa550b0b433757b6eed38fa59a87a36.jpg,original,1,1,0,0,0.763,0.237
c_mallet_1072_JPG_jpg.rf.993770ffc1327a5b3786bb3a10e96e12.jpg,original,1,1,0,0,0.763,0.237
c_mallet_743_JPG_jpg.rf.c0e0d5a9e1ea8fd8b13e229af515d048_aug0_motion_blur.jpg,motion_blur,1,1,0,0,0.763,0.237
mallet880_jpeg_jpg.rf.e7717a58157310bdda78f5a80f63fd28.jpg,original,1,1,0,0,0.763,0.237
mallet880_jpeg_jpg.rf.e7717a58157310bdda78f5a80f63fd28_aug0_motion_blur.jpg,motion_blur,1,1,0,0,0.763,0.237
t_bot_mal229_jpeg_jpg.rf.9c1157f7da68ebc142f6ba1402c40afd_aug0_contrast.jpg,contrast,1,1,0,0,0.763,0.237
20231021_174611_jpg.rf.89585a6d45972c7ad138f590ac3bfb93_aug0_noise+defocus_blur.jpg,noise+defocus_blur,1,1,0,0,0.764,0.236
c_mallet_60_JPG_jpg.rf.d6f65a0ef15d7e239e04cbb34b46d15e_aug0_grayscale+gamma.jpg,grayscale+gamma,1,1,0,0,0.764,0.236
20231021_174418_jpg.rf.c3e900b97b5e612683409cd9084928ca_aug0_motion_blur.jpg,motion_blur,1,1,0,0,0.765,0.235
c_mallet_443_JPG_jpg.rf.572c9403695082ae4a9e4df71aa814d0_aug0_grayscale+gamma.jpg,grayscale+gamma,1,1,0,0,0.765,0.235
mallet1146_jpeg_jpg.rf.592d4e8f6a861172f2dd3fdc05ff2c89.jpg,original,2,2,0,0,0.765,0.235
mallet1146_jpeg_jpg.rf.592d4e8f6a861172f2dd3fdc05ff2c89_aug0_gamma.jpg,gamma,2,2,0,0,0.765,0.235
IMG_0127_JPG_jpg.rf.ec60c0a349f3cc9e24a5e7822e6f4137.jpg,original,1,1,0,0,0.766,0.234
Untitled-drawing-38_jpg.rf.53035fd36c324534caa349e3c5438ea3.jpg,original,5,5,0,0,0.766,0.234
mallet53_jpeg_jpg.rf.48b24c410fe5e9575e84a6b17de47b04.jpg,original,1,1,0,0,0.766,0.234
c_mallet_1056_JPG_jpg.rf.21ea30fdb2a0a8cb3e1eaba2ca47efbf_aug0_grayscale+noise.jpg,grayscale+noise,1,1,0,0,0.767,0.233
mallet1621_jpeg_jpg.rf.cf53484e27e8bb8f99041739dbe2e93a_aug0_gamma+contrast.jpg,gamma+contrast,1,1,0,0,0.767,0.233
20231021_174521_jpg.rf.ae56e9fe45ffd36f0653350025ec0ab8_aug0_motion_blur+noise.jpg,motion_blur+noise,1,1,0,0,0.768,0.232
JPEG-image-14_jpeg_jpg.rf.17d6acfc0686c706988e5d614698a372_aug0_motion_blur+noise.jpg,motion_blur+noise,1,1,0,0,0.768,0.232
t_bot_mal372_jpeg_jpg.rf.bfa835f0422c77eb1e139129df5cc840_aug0_noise.jpg,noise,1,1,0,0,0.768,0.232
20231021_174923_jpg.rf.bfa5d28350e972f78d586d6b258565ff_aug0_contrast.jpg,contrast,1,1,0,0,0.769,0.231
IMG_0654_JPG_jpg.rf.2fb923663f30a9cdace54a45a88e26c9_aug0_gamma+motion_blur.jpg,gamma+motion_blur,1,1,0,0,0.769,0.231
c_mallet_188_JPG_jpg.rf.ead59cfd8c6daa8b127110ec04c946bb_aug0_noise+contrast.jpg,noise+contrast,1,1,0,0,0.769,0.231
t_bot_mal181_jpeg_jpg.rf.c572bc21e3877f5f06606517011d1d0e.jpg,original,1,1,0,0,0.769,0.231
t_bot_mal258_jpeg_jpg.rf.502ff08d9b6fec89916a40adf208bd32_aug0_motion_blur+gamma.jpg,motion_blur+gamma,1,1,0,0,0.77,0.23
IMG_0127_JPG_jpg.rf.ec60c0a349f3cc9e24a5e7822e6f4137_aug0_contrast.jpg,contrast,1,1,0,0,0.772,0.228
c_mallet_511_JPG_jpg.rf.3f1c7b2a6efa715f9e2e5d3ad18db852.jpg,original,1,1,0,0,0.772,0.228
t_bot_mal257_jpeg_jpg.rf.292237ec3d478484ff9b3e513d0832ee_aug0_noise+motion_blur.jpg,noise+motion_blur,1,1,0,0,0.772,0.228
t_bot_mal353_jpeg_jpg.rf.bc5bc00b9109dc0edb33acd3332bfd76_aug0_contrast.jpg,contrast,1,1,0,0,0.772,0.228
t_bot_mal446_jpeg_jpg.rf.cb380f029e372956a058daa8c536515c_aug0_motion_blur.jpg,motion_blur,1,1,0,0,0.772,0.228
20231021_173243_jpg.rf.dcf6ad1e40c01f12925344dcc5443dec.jpg,original,1,1,0,0,0.773,0.227
20231021_173535_jpg.rf.753e662fa9ed4d99d33ac3eeb0b3e9de_aug0_grayscale+noise.jpg,grayscale+noise,1,1,0,0,0.773,0.227
20231021_174418_jpg.rf.c3e900b97b5e612683409cd9084928ca.jpg,original,1,1,0,0,0.773,0.227
20231021_175040_jpg.rf.5e34d26b2219e3529391bfa1f980d7fd_aug0_motion_blur+defocus_blur.jpg,motion_blur+defocus_blur,1,1,0,0,0.773,0.227
t_bot_mal199_jpeg_jpg.rf.297c4b708911abc87c844090733d4c3c_aug0_grayscale.jpg,grayscale,1,1,0,0,0.773,0.227
mallet1621_jpeg_jpg.rf.cf53484e27e8bb8f99041739dbe2e93a.jpg,original,1,1,0,0,0.774,0.226
IMG_2787_JPG_jpg.rf.775289e797c9e7d6f9184c255fcded24.jpg,original,1,1,0,0,0.775,0.225
c_mallet_262_JPG_jpg.rf.8d9d598af72f0069ad01275947f29cda_aug0_motion_blur.jpg,motion_blur,1,1,0,0,0.776,0.224
20231021_174611_jpg.rf.89585a6d45972c7ad138f590ac3bfb93.jpg,original,1,1,0,0,0.777,0.223
20231021_174923_jpg.rf.bfa5d28350e972f78d586d6b258565ff.jpg,original,1,1,0,0,0.777,0.223
c_mallet_125_JPG_jpg.rf.3cac1fe98589158167fd0518578f84ec.jpg,original,1,1,0,0,0.777,0.223
c_mallet_550_JPG_jpg.rf.2c18f698f3670ee24586529e228cc3f1_aug0_defocus_blur+motion_blur.jpg,defocus_blur+motion_blur,1,1,0,0,0.777,0.223
t_bot_mal229_jpeg_jpg.rf.9c1157f7da68ebc142f6ba1402c40afd.jpg,original,1,1,0,0,0.777,0.223
265_jpg.rf.a2f592c86d275c54e25b773fe4175b36.jpg,original,1,1,0,0,0.778,0.222
IMG_0593_JPG_jpg.rf.8939df9adc12e343b3e466ced97ce29a_aug0_gamma+defocus_blur.jpg,gamma+defocus_blur,1,1,0,0,0.778,0.222
c_mallet_1099_JPG_jpg.rf.1c92be9b994396eb5e98edbff759cb7b.jpg,original,1,1,0,0,0.778,0.222
mallet-video-Trim_mp4-83_jpg.rf.4ea9c12f807b28c4bc71d999bc4da69a.jpg,original,1,1,0,0,0.778,0.222
mallet656_jpeg_jpg.rf.eef8f9c20d6d1ea0e6024d86e67b67f8.jpg,original,1,1,0,0,0.778,0.222
IMG_0660_JPG_jpg.rf.807f625f1ab5c4167cbdac7910c3945a_aug0_defocus_blur+grayscale.jpg,defocus_blur+grayscale,1,1,0,0,0.779,0.221
c_mallet_528_JPG_jpg.rf.778c676715a86905dac60e1bb1124861.jpg,original,1,1,0,0,0.779,0.221
t_bot_mal169_jpeg_jpg.rf.98ae4214cbb8a3b26b85ee7469369ef2_aug0_grayscale+motion_blur.jpg,grayscale+motion_blur,1,1,0,0,0.779,0.221
20231021_174228_jpg.rf.611a99451e0d132eae07127e7cfba7e6_aug0_defocus_blur.jpg,defocus_blur,1,1,0,0,0.78,0.22
20231021_175251_jpg.rf.d99c5fff2f86d1ccf6443211ccaf0211_aug0_motion_blur.jpg,motion_blur,1,1,0,0,0.78,0.22
t_bot_mal851_jpeg_jpg.rf.2725d46d3d95a66bf79b4bc6a8b2aefc_aug0_defocus_blur.jpg,defocus_blur,1,1,0,0,0.78,0.22
20231021_173640_jpg.rf.bd5fe1a4cbc0b321caa5353f5c0450e5_aug0_grayscale+gamma.jpg,grayscale+gamma,1,1,0,0,0.781,0.219
20231021_175127_jpg.rf.56efd6d1ecec7d9570fc03c4794de3e8.jpg,original,1,1,0,0,0.781,0.219
c_mallet_143_JPG_jpg.rf.47a2c6ba67854e32d6e6c8c30223d5cd.jpg,original,1,1,0,0,0.781,0.219
c_mallet_143_JPG_jpg.rf.47a2c6ba67854e32d6e6c8c30223d5cd_aug0_defocus_blur.jpg,defocus_blur,1,1,0,0,0.781,0.219
mallet-video-Trim_mp4-83_jpg.rf.4ea9c12f807b28c4bc71d999bc4da69a_aug0_motion_blur+contrast.jpg,motion_blur+contrast,1,1,0,0,0.781,0.219
mallet1243_jpeg_jpg.rf.8cb0ece72be366a3611e3fb6d1a04c5b_aug0_motion_blur+contrast.jpg,motion_blur+contrast,1,1,0,0,0.781,0.219
mallet340_jpeg_jpg.rf.acf72c343b9953156b3931bfeefc3d74.jpg,original,1,1,0,0,0.781,0.219
t_bot_mal262_jpeg_jpg.rf.ad79109bfdfb5bf839de2b9bab858709_aug0_gamma.jpg,gamma,1,1,0,0,0.781,0.219
t_bot_mal309_jpeg_jpg.rf.9ed808cf5594af863f7af40900c61b21_aug0_defocus_blur.jpg,defocus_blur,1,1,0,0,0.781,0.219
IMG_0391_JPG_jpg.rf.41910ac953f6036d0ac7f759d34fb5f7_aug0_grayscale+defocus_blur.jpg,grayscale+defocus_blur,1,1,0,0,0.782,0.218
c_mallet_1059_JPG_jpg.rf.a8c4bd508acf493b61950e5ce2913d05_aug0_noise+defocus_blur.jpg,noise+defocus_blur,1,1,0,0,0.782,0.218
c_mallet_9_JPG_jpg.rf.1ddc28f5edd05b8ad03014664b40a1f1.jpg,original,1,1,0,0,0.782,0.218
mallet411_jpeg_jpg.rf.788df2e4970d4523d971b292cfdf0f28.jpg,original,2,2,0,0,0.782,0.218
c_mallet_1059_JPG_jpg.rf.a8c4bd508acf493b61950e5ce2913d05.jpg,original,1,1,0,0,0.783,0.217
t_bot_mal227_jpeg_jpg.rf.8a29a643c9cdebfda28be31e8d9f0f44_aug0_motion_blur.jpg,motion_blur,1,1,0,0,0.783,0.217
t_bot_mal98_jpeg_jpg.rf.70a61030901abe16eef6b8137997158a.jpg,original,1,1,0,0,0.783,0.217
20231021_175154_jpg.rf.f87067b93c613ab3d615f6f2eb684403.jpg,original,1,1,0,0,0.784,0.216
IMG_0125_JPG_jpg.rf.755e19607c31e609f74708d7832a127c_aug0_grayscale+motion_blur.jpg,grayscale+motion_blur,1,1,0,0,0.784,0.216
t_bot_mal824_jpeg_jpg.rf.f8707a25b7dfb42403aeb1fdbf1c0d8e.jpg,original,1,1,0,0,0.784,0.216
20231021_175041_jpg.rf.2c05bef588ac94bb1b49a869af33e956.jpg,original,1,1,0,0,0.785,0.215
c_mallet_111_JPG_jpg.rf.15bb1f0b29d44f2f7123acd94dfd3786_aug0_gamma+noise.jpg,gamma+noise,1,1,0,0,0.785,0.215
c_mallet_471_JPG_jpg.rf.efab2ad3c8d92a31d9fc00df905cf7e9.jpg,original,1,1,0,0,0.785,0.215
mallet1220_jpeg_jpg.rf.97a63b9540b78a2dce18919ec727bef4.jpg,original,1,1,0,0,0.785,0.215
t_bot_mal372_jpeg_jpg.rf.bfa835f0422c77eb1e139129df5cc840.jpg,original,1,1,0,0,0.785,0.215
t_bot_mal672_jpeg_jpg.rf.c4221697e2129be6fd1ac8ed0e93d765.jpg,original,1,1,0,0,0.785,0.215
t_bot_mal742_jpeg_jpg.rf.9ed6ac6d14eb6adfa97582f1bf56d8fc.jpg,original,1,1,0,0,0.785,0.215
20231021_175041_jpg.rf.2c05bef588ac94bb1b49a869af33e956_aug0_motion_blur.jpg,motion_blur,1,1,0,0,0.786,0.214
c_mallet_791_JPG_jpg.rf.8b70b8b5d03a0d5ce921dc072c62da60_aug0_contrast.jpg,contrast,1,1,0,0,0.786,0.214
t_bot_mal211_jpeg_jpg.rf.515de7c295872175e7b26cd077b1b9c4.jpg,original,1,1,0,0,0.786,0.214
20231021_175127_jpg.rf.56efd6d1ecec7d9570fc03c4794de3e8_aug0_noise+gamma.jpg,noise+gamma,1,1,0,0,0.787,0.213
20231021_175804_jpg.rf.9f588c411b163e5b0ca15c0855f850bb.jpg,original,1,1,0,0,0.787,0.213
IMG_0808_JPG_jpg.rf.fb9f5ca4cd4304547c6fce0273ca766a.jpg,original,1,1,0,0,0.787,0.213
mallet1215_jpeg_jpg.rf.b6801e3a7506e7874fb01cf987ff7c06_aug0_noise.jpg,noise,1,1,0,0,0.787,0.213
20231021_175051_jpg.rf.cb3a42d3e1072bec62b5ed244a04bbf5_aug0_grayscale.jpg,grayscale,1,1,0,0,0.788,0.212
IMG_0760_JPG_jpg.rf.4aef41dce8661d1efb3b2ea6fe79be40.jpg,original,1,1,0,0,0.788,0.212
c_mallet_59_JPG_jpg.rf.925f485b5b9b49f5c36048c69f1491a4.jpg,original,1,1,0,0,0.788,0.212
20231021_173956_jpg.rf.c435ab3e5461a521ef2035a8c323f5e6.jpg,original,1,1,0,0,0.789,0.211
c_mallet_1060_JPG_jpg.rf.01782524005c66b700df7dfd37a0a385_aug0_grayscale.jpg,grayscale,1,1,0,0,0.789,0.211
c_mallet_1236_JPG_jpg.rf.8aa17014d173cce5d85f585fbca6a199_aug0_contrast.jpg,contrast,1,1,0,0,0.789,0.211
20231021_173855_jpg.rf.cfcd1a354af64d53fc4c850928058161_aug0_grayscale+defocus_blur.jpg,grayscale+defocus_blur,1,1,0,0,0.79,0.21
c_mallet_791_JPG_jpg.rf.8b70b8b5d03a0d5ce921dc072c62da60.jpg,original,1,1,0,0,0.79,0.21
mallet1465_jpeg_jpg.rf.a413f7c79f04f90cc61a7febf967013d_aug0_noise.jpg,noise,1,1,0,0,0.79,0.21
t_bot_mal826_jpeg_jpg.rf.8c5d0fffa55e2db3069ff997c462319b.jpg,original,1,1,0,0,0.79,0.21
20231021_175121_jpg.rf.580ec08c338e1e299681c5c49668466f.jpg,original,1,1,0,0,0.791,0.209
IMG_0144_JPG_jpg.rf.0024cea61685c2881067974131180fa4_aug0_grayscale+noise.jpg,grayscale+noise,1,1,0,0,0.791,0.209
c_mallet_1014_JPG_jpg.rf.f95a675ae27c47f51f7288bebedfd26e_aug0_motion_blur+contrast.jpg,motion_blur+contrast,1,1,0,0,0.791,0.209
c_mallet_1251_JPG_jpg.rf.0bf21bb81bca90d4f5448a0c5df92eb8_aug0_motion_blur.jpg,motion_blur,1,1,0,0,0.791,0.209
t_bot_mal424_jpeg_jpg.rf.7fbb8d3d53d6ae58ce9c995a537559db_aug0_grayscale+noise.jpg,grayscale+noise,1,1,0,0,0.791,0.209
t_bot_mal98_jpeg_jpg.rf.70a61030901abe16eef6b8137997158a_aug0_defocus_blur+grayscale.jpg,defocus_blur+grayscale,1,1,0,0,0.791,0.209
20231021_174618_jpg.rf.c3e8c2c17aee6acd356151d885de0908.jpg,original,1,1,0,0,0.792,0.208
IMG_0171_JPG_jpg.rf.1863fc5a51b15fb2431a2464cb4a95bf_aug0_motion_blur.jpg,motion_blur,1,1,0,0,0.792,0.208
c_mallet_111_JPG_jpg.rf.15bb1f0b29d44f2f7123acd94dfd3786.jpg,original,1,1,0,0,0.792,0.208
mallet696_jpeg_jpg.rf.68f26137f9f990b9a35d5c17092ff4cd.jpg,original,1,1,0,0,0.792,0.208
20231021_173737_jpg.rf.eaa550b0b433757b6eed38fa59a87a36_aug0_grayscale.jpg,grayscale,1,1,0,0,0.793,0.207
20231021_173757_jpg.rf.dfdec5b491ed66ec446c3a2e7ff0fcf7.jpg,original,1,1,0,0,0.793,0.207
20231021_175031_jpg.rf.83a40933cf51bec6de6cca7cc8cf8e05_aug0_noise.jpg,noise,1,1,0,0,0.793,0.207
JPEG-image-203_jpeg_jpg.rf.ff232a824dce00f19574ab9b835f6450_aug0_motion_blur+gamma.jpg,motion_blur+gamma,5,5,0,0,0.794,0.206
mallet1216_jpeg_jpg.rf.6ac3f516e92011a0478c7a88e2c2c024.jpg,original,1,1,0,0,0.794,0.206
20231021_174257_jpg.rf.9b4eb3eba99b7d5c57409261a26895da_aug0_motion_blur+defocus_blur.jpg,motion_blur+defocus_blur,1,1,0,0,0.795,0.205
20231021_174459_jpg.rf.eb0ac631a4acf997a9df86a1c3848f20.jpg,original,1,1,0,0,0.795,0.205
51_jpg.rf.48c165b8905b63697c55d7bd79197065_aug0_grayscale.jpg,grayscale,1,1,0,0,0.795,0.205
c_mallet_1236_JPG_jpg.rf.8aa17014d173cce5d85f585fbca6a199.jpg,original,1,1,0,0,0.795,0.205
green_nalgene_vid_mp4-139_jpg.rf.44cdb5a894737dbe39894a07a3d8dd00.jpg,original,1,1,0,0,0.795,0.205
20231021_173644_jpg.rf.4b76a5f6e23bdfa8bc79f2d989859c0f_aug0_contrast.jpg,contrast,1,1,0,0,0.796,0.204
20231021_173757_jpg.rf.dfdec5b491ed66ec446c3a2e7ff0fcf7_aug0_noise.jpg,noise,1,1,0,0,0.796,0.204
c_mallet_125_JPG_jpg.rf.3cac1fe98589158167fd0518578f84ec_aug0_motion_blur.jpg,motion_blur,1,1,0,0,0.796,0.204
t_bot_mal125_jpeg_jpg.rf.b2d58df9cd929da7e5286d9888722e49.jpg,original,1,1,0,0,0.796,0.204
t_bot_mal181_jpeg_jpg.rf.c572bc21e3877f5f06606517011d1d0e_aug0_motion_blur+noise.jpg,motion_blur+noise,1,1,0,0,0.796,0.204
mallet290_jpeg_jpg.rf.210d97634df483127f8141cc6eb1749a.jpg,original,1,1,0,0,0.797,0.203
c_mallet_1014_JPG_jpg.rf.f95a675ae27c47f51f7288bebedfd26e.jpg,original,1,1,0,0,0.798,0.202
t_bot_mal102_jpeg_jpg.rf.646b98e80e0f8b48dd0e52094bb39635.jpg,original,1,1,0,0,0.798,0.202
t_bot_mal209_jpeg_jpg.rf.d11363e312126b63c552e59d9d775363.jpg,original,1,1,0,0,0.798,0.202
t_bot_mal263_jpeg_jpg.rf.5eb26379fa36ff5ef2073d0d1fbea9e7_aug0_noise+gamma.jpg,noise+gamma,1,1,0,0,0.798,0.202
t_bot_mal824_jpeg_jpg.rf.f8707a25b7dfb42403aeb1fdbf1c0d8e_aug0_contrast.jpg,contrast,1,1,0,0,0.798,0.202
193_jpg.rf.37c3e86631223eb83444b031dbfa1440_aug0_motion_blur+noise.jpg,motion_blur+noise,1,1,0,0,0.799,0.201
20231021_174253_jpg.rf.74aea173fab7371e03d2836b56981211_aug0_contrast.jpg,contrast,1,1,0,0,0.799,0.201
20231021_174614_jpg.rf.4abd5977341ece970fa242971d8ba7bc.jpg,original,1,1,0,0,0.799,0.201
20231021_174618_jpg.rf.c3e8c2c17aee6acd356151d885de0908_aug0_motion_blur.jpg,motion_blur,1,1,0,0,0.799,0.201
IMG_0614_JPG_jpg.rf.eb703850b16bcd60da06eaad23cfd8be.jpg,original,1,1,0,0,0.799,0.201
green_nalgene_vid_mp4-175_jpg.rf.25810c255aaf2453465fbd70346c4a3c_aug0_gamma+contrast.jpg,gamma+contrast,1,1,0,0,0.799,0.201
t_bot_mal262_jpeg_jpg.rf.ad79109bfdfb5bf839de2b9bab858709.jpg,original,1,1,0,0,0.799,0.201
20231021_174001_jpg.rf.1f67d757662cccfd5d6f5535335001ba_aug0_grayscale.jpg,grayscale,1,1,0,0,0.8,0.2
Screenshot-2024-05-28-at-10-02-16-AM-copy-3_png_jpg.rf.c1e5ddb830312ba855197502bc294286.jpg,original,1,1,0,0,0.8,0.2
c_mallet_1048_JPG_jpg.rf.ca25ad2b1938aeb6598bfcb246fff5e1_aug0_motion_blur+noise.jpg,motion_blur+noise,1,1,0,0,0.8,0.2
c_mallet_231_JPG_jpg.rf.f996d0b5f756ffd51efb21358f2908c5_aug0_defocus_blur+gamma.jpg,defocus_blur+gamma,1,1,0,0,0.8,0.2
t_bot_mal851_jpeg_jpg.rf.2725d46d3d95a66bf79b4bc6a8b2aefc.jpg,original,1,1,0,0,0.8,0.2
20231021_174459_jpg.rf.eb0ac631a4acf997a9df86a1c3848f20_aug0_motion_blur.jpg,motion_blur,1,1,0,0,0.801,0.199
21_jpg.rf.b84c10c56728a12bb8fd3807d3ad9705_aug0_grayscale.jpg,grayscale,1,1,0,0,0.801,0.199
JPEG-image-200_jpeg_jpg.rf.6de6a6ef047c204c82ea90df9bb965bb.jpg,original,5,5,0,0,0.801,0.199
c_mallet_465_JPG_jpg.rf.a55309d183bd61c99f0b46cc71bc723f_aug0_defocus_blur.jpg,defocus_blur,1,1,0,0,0.801,0.199
c_mallet_471_JPG_jpg.rf.efab2ad3c8d92a31d9fc00df905cf7e9_aug0_motion_blur.jpg,motion_blur,1,1,0,0,0.801,0.199
c_mallet_60_JPG_jpg.rf.d6f65a0ef15d7e239e04cbb34b46d15e.jpg,original,1,1,0,0,0.801,0.199
green_nalgene_vid_mp4-139_jpg.rf.44cdb5a894737dbe39894a07a3d8dd00_aug0_defocus_blur+motion_blur.jpg,defocus_blur+motion_blur,1,1,0,0,0.801,0.199
t_bot_mal459_jpeg_jpg.rf.7c9761f8bb327a20b37bf3fc490c485f.jpg,original,1,1,0,0,0.801,0.199
20231021_174228_jpg.rf.611a99451e0d132eae07127e7cfba7e6.jpg,original,1,1,0,0,0.802,0.198
IMG_0614_JPG_jpg.rf.eb703850b16bcd60da06eaad23cfd8be_aug0_gamma+motion_blur.jpg,gamma+motion_blur,1,1,0,0,0.802,0.198
mallet1216_jpeg_jpg.rf.6ac3f516e92011a0478c7a88e2c2c024_aug0_motion_blur.jpg,motion_blur,1,1,0,0,0.802,0.198
mallet696_jpeg_jpg.rf.68f26137f9f990b9a35d5c17092ff4cd_aug0_defocus_blur.jpg,defocus_blur,1,1,0,0,0.802,0.198
20231021_174253_jpg.rf.74aea173fab7371e03d2836b56981211.jpg,original,1,1,0,0,0.803,0.197
mallet805_jpeg_jpg.rf.b30383f21073010498db2c0a6c0e67e0_aug0_contrast.jpg,contrast,1,1,0,0,0.803,0.197
t_bot_mal353_jpeg_jpg.rf.bc5bc00b9109dc0edb33acd3332bfd76.jpg,original,1,1,0,0,0.803,0.197
t_bot_mal447_jpeg_jpg.rf.71e0396524f4629290a9ed9daaeb831a_aug0_contrast+motion_blur.jpg,contrast+motion_blur,1,1,0,0,0.803,0.197
20231021_173359_jpg.rf.bf4188cb4d0cb641af937cd1a474fc91.jpg,original,1,1,0,0,0.804,0.196
20231021_173630_jpg.rf.de889fe045b44c550b8c781c2a536cfa.jpg,original,1,1,0,0,0.804,0.196
20231021_173844_jpg.rf.0490ca9ae9b239b421b08d3e67ec6450_aug0_grayscale+contrast.jpg,grayscale+contrast,1,1,0,0,0.804,0.196
20231021_174503_jpg.rf.499fc26e52fc37b3da309a4a0aa6a510.jpg,original,1,1,0,0,0.804,0.196
20231021_175101_jpg.rf.501dc4c6d3d8504e797d24af6de489a7.jpg,original,1,1,0,0,0.804,0.196
JPEG-image-200_jpeg_jpg.rf.6de6a6ef047c204c82ea90df9bb965bb_aug0_gamma+contrast.jpg,gamma+contrast,5,5,0,0,0.804,0.196
c_mallet_425_JPG_jpg.rf.34d109f9b6975cbe67e493e9eef8118b.jpg,original,1,1,0,0,0.804,0.196
t_bot_mal210_jpeg_jpg.rf.50f9a40b4561fbc4aa05474b3ef16a17.jpg,original,1,1,0,0,0.804,0.196
20231021_174548_jpg.rf.32ea738d0c632845c1b60b8c1a9710e3_aug0_grayscale.jpg,grayscale,1,1,0,0,0.805,0.195
20231021_175224_jpg.rf.845781816cfc306abd16c67618a8ac16_aug0_motion_blur.jpg,motion_blur,1,1,0,0,0.805,0.195
c_mallet_231_JPG_jpg.rf.f996d0b5f756ffd51efb21358f2908c5.jpg,original,1,1,0,0,0.805,0.195
c_mallet_992_JPG_jpg.rf.f493e6c1497b6371eea35039ee1d54ff_aug0_grayscale.jpg,grayscale,1,1,0,0,0.805,0.195
mallet-video-Trim_mp4-77_jpg.rf.604c6abe6628dabfe31754e0b393cad4.jpg,original,1,1,0,0,0.805,0.195
mallet129_jpeg_jpg.rf.654e2d3158deb834025481c91a09fd2a_aug0_noise+motion_blur.jpg,noise+motion_blur,1,1,0,0,0.805,0.195
20231021_172756_jpg.rf.0ba9f7aabf480a76680c26adce4eff68_aug0_defocus_blur.jpg,defocus_blur,1,1,0,0,0.806,0.194
20231021_174257_jpg.rf.9b4eb3eba99b7d5c57409261a26895da.jpg,original,1,1,0,0,0.806,0.194
20231021_174547_jpg.rf.a1652fff4465557a204a645569833eac_aug0_grayscale.jpg,grayscale,1,1,0,0,0.806,0.194
20231021_175752_jpg.rf.a7664b65c9f428a98be0c8213bc586e4_aug0_grayscale+motion_blur.jpg,grayscale+motion_blur,1,1,0,0,0.806,0.194
t_bot_mal367_jpeg_jpg.rf.b5a402cb10e1e2069f09f5c6cbcdb418_aug0_defocus_blur.jpg,defocus_blur,1,1,0,0,0.806,0.194
20231021_173644_jpg.rf.4b76a5f6e23bdfa8bc79f2d989859c0f.jpg,original,1,1,0,0,0.807,0.193
20231021_175121_jpg.rf.580ec08c338e1e299681c5c49668466f_aug0_noise.jpg,noise,1,1,0,0,0.807,0.193
214_jpg.rf.6c565eae49117e34ceb5ab7d67aa1c8f_aug0_noise.jpg,noise,1,1,0,0,0.807,0.193
mallet594_jpeg_jpg.rf.205812168da14f044f086d1aab56064a_aug0_gamma.jpg,gamma,1,1,0,0,0.807,0.193
mallet694_jpeg_jpg.rf.3cf51a8ca689519e1f3f6273f4a730f8_aug0_contrast+gamma.jpg,contrast+gamma,1,1,0,0,0.807,0.193
55_jpg.rf.9951d87b044e94dca2d8f3797982af3b.jpg,original,1,1,0,0,0.808,0.192
IMG_0443_JPG_jpg.rf.4429cb167d3eb7ea309d73d1dc3a6a26_aug0_grayscale.jpg,grayscale,1,1,0,0,0.808,0.192
green_nalgene_vid_mp4-198_jpg.rf.2b9830fc07c65d21b5a5551472e54521.jpg,original,1,1,0,0,0.808,0.192
1literwidemouthwaterbottle62_jpeg_jpg.rf.8789c43b6f34a0ddb5a9bf5dc797aceb_aug0_defocus_blur+motion_blur.jpg,defocus_blur+motion_blur,1,1,0,0,0.809,0.191
38_jpg.rf.43027ac5159c63ebaa2772ba221463c4.jpg,original,1,1,0,0,0.809,0.191
IMG_2792_JPG_jpg.rf.d758786f506f4cf815c5453d1ab8d083_aug0_defocus_blur+motion_blur.jpg,defocus_blur+motion_blur,1,1,0,0,0.809,0.191
green_nalgene_vid_mp4-151_jpg.rf.35fb3840de2d96dc5ab9cdb40d734797.jpg,original,1,1,0,0,0.809,0.191
mallet594_jpeg_jpg.rf.205812168da14f044f086d1aab56064a.jpg,original,1,1,0,0,0.809,0.191
t_bot_mal122_jpeg_jpg.rf.7d1db2ffdfaba08220f93bb55fb9971a_aug0_gamma.jpg,gamma,1,1,0,0,0.809,0.191
t_bot_mal467_jpeg_jpg.rf.1c307e92e63c2d0926e4c7d91745b4bc.jpg,original,1,1,0,0,0.809,0.191
20231021_173553_jpg.rf.bfb1d778636a8f81ea3d7d4e19d1f655_aug0_grayscale.jpg,grayscale,1,1,0,0,0.81,0.19
20231021_174255_jpg.rf.44199a239253ff584b78370f5c598198_aug0_grayscale+motion_blur.jpg,grayscale+motion_blur,1,1,0,0,0.81,0.19
c_mallet_806_JPG_jpg.rf.d11bcc9cd30b8af34f237b0454be8f9e_aug0_noise.jpg,noise,1,1,0,0,0.81,0.19
mallet805_jpeg_jpg.rf.b30383f21073010498db2c0a6c0e67e0.jpg,original,1,1,0,0,0.81,0.19
t_bot_mal672_jpeg_jpg.rf.c4221697e2129be6fd1ac8ed0e93d765_aug0_defocus_blur.jpg,defocus_blur,1,1,0,0,0.81,0.19
y2mate_com-The-Worlds-Best-Water-Bottle-Nalgene-Wide-Mouth-32-Oz_1080p_mp4-74_jpg.rf.e9e41248de2742ced5385ec648dfb315_aug0_grayscale.jpg,grayscale,1,1,0,0,0.81,0.19
20231021_172756_jpg.rf.0ba9f7aabf480a76680c26adce4eff68.jpg,original,1,1,0,0,0.811,0.189
20231021_174001_jpg.rf.1f67d757662cccfd5d6f5535335001ba.jpg,original,1,1,0,0,0.811,0.189
20231021_174547_jpg.rf.a1652fff4465557a204a645569833eac.jpg,original,1,1,0,0,0.811,0.189
c_mallet_463_JPG_jpg.rf.b475c651762f6c32980de6b722f69cc0_aug0_defocus_blur+motion_blur.jpg,defocus_blur+motion_blur,1,1,0,0,0.811,0.189
mallet694_jpeg_jpg.rf.3cf51a8ca689519e1f3f6273f4a730f8.jpg,original,1,1,0,0,0.811,0.189
t_bot_mal804_jpeg_jpg.rf.c06e77b889df2f0a66911935de39d7c8_aug0_contrast+defocus_blur.jpg,contrast+defocus_blur,1,1,0,0,0.811,0.189
20231021_173630_jpg.rf.de889fe045b44c550b8c781c2a536cfa_aug0_motion_blur+grayscale.jpg,motion_blur+grayscale,1,1,0,0,0.812,0.188
20231021_174351_jpg.rf.5b2dac3e500cddcf8eb26daac60d6504_aug0_gamma.jpg,gamma,1,1,0,0,0.812,0.188
20231021_174806_jpg.rf.b22880b52076239b4cdc0d7566593bd9_aug0_grayscale.jpg,grayscale,1,1,0,0,0.812,0.188
20231021_175031_jpg.rf.83a40933cf51bec6de6cca7cc8cf8e05.jpg,original,1,1,0,0,0.812,0.188
20231021_175101_jpg.rf.501dc4c6d3d8504e797d24af6de489a7_aug0_noise.jpg,noise,1,1,0,0,0.812,0.188
t_bot_mal263_jpeg_jpg.rf.5eb26379fa36ff5ef2073d0d1fbea9e7.jpg,original,1,1,0,0,0.812,0.188
20231021_174312_jpg.rf.89f0b5562aacef2bc88a686bbcb15039_aug0_defocus_blur.jpg,defocus_blur,1,1,0,0,0.813,0.187
c_mallet_198_JPG_jpg.rf.65e6a938f2c6c324f501cfa6f6b036dd.jpg,original,1,1,0,0,0.813,0.187
c_mallet_91_JPG_jpg.rf.633a99a0fa8aae64615aff722013368d.jpg,original,1,1,0,0,0.813,0.187
t_bot_mal122_jpeg_jpg.rf.7d1db2ffdfaba08220f93bb55fb9971a.jpg,original,1,1,0,0,0.813,0.187
20231021_172839_jpg.rf.944186b863646fce9e185043b560f0f8_aug0_noise+contrast.jpg,noise+contrast,1,1,0,0,0.814,0.186
IMG_0657_JPG_jpg.rf.0ed9b4cb1e65f78f9a0cdaeccc9aff09_aug0_gamma.jpg,gamma,1,1,0,0,0.814,0.186
t_bot_mal681_jpeg_jpg.rf.1398b85602bb2896ebd9e1fa72ae6267_aug0_grayscale+contrast.jpg,grayscale+contrast,1,1,0,0,0.814,0.186
t_bot_mal346_jpeg_jpg.rf.77989802eb6db76c1dd9d8b43b84e25f.jpg,original,1,1,0,0,0.815,0.185
20231021_174351_jpg.rf.5b2dac3e500cddcf8eb26daac60d6504.jpg,original,1,1,0,0,0.816,0.184
t_bot_mal194_jpeg_jpg.rf.b2737c93cc4be013cf2ac282c66c5744_aug0_motion_blur+contrast.jpg,motion_blur+contrast,1,1,0,0,0.816,0.184
20231021_174757_jpg.rf.6d488bed9910b6ae1c03f4fc2b0c6934.jpg,original,1,1,0,0,0.817,0.183
c_mallet_1082_JPG_jpg.rf.f18cd37cdc0b9dd504a20561e8a6ba6e_aug0_grayscale.jpg,grayscale,1,1,0,0,0.817,0.183
c_mallet_162_JPG_jpg.rf.b5d5e03adda80dd13a4af6e145df59d8_aug0_contrast.jpg,contrast,1,1,0,0,0.817,0.183
t_bot_mal210_jpeg_jpg.rf.50f9a40b4561fbc4aa05474b3ef16a17_aug0_contrast+gamma.jpg,contrast+gamma,1,1,0,0,0.817,0.183
t_bot_mal493_jpeg_jpg.rf.8cc4a7d5309e64d68c0d6f4b96dc8ba8_aug0_motion_blur.jpg,motion_blur,1,1,0,0,0.817,0.183
t_bot_mal804_jpeg_jpg.rf.c06e77b889df2f0a66911935de39d7c8.jpg,original,1,1,0,0,0.817,0.183
20231021_173140_jpg.rf.8c6c3a12d0512fb3a835ef03de56960b_aug0_grayscale.jpg,grayscale,1,1,0,0,0.818,0.182
55_jpg.rf.9951d87b044e94dca2d8f3797982af3b_aug0_defocus_blur+noise.jpg,defocus_blur+noise,1,1,0,0,0.818,0.182
IMG_0151_JPG_jpg.rf.3d442c0926ab50f92803879920d8fbf1_aug0_noise+contrast.jpg,noise+contrast,1,1,0,0,0.818,0.182
IMG_0657_JPG_jpg.rf.0ed9b4cb1e65f78f9a0cdaeccc9aff09.jpg,original,1,1,0,0,0.818,0.182
c_mallet_199_JPG_jpg.rf.8eec284ea6fcc20c1846c2cfbf323667.jpg,original,1,1,0,0,0.818,0.182
c_mallet_559_JPG_jpg.rf.ef842fa612bf24af1637041cb60337c5_aug0_motion_blur+contrast.jpg,motion_blur+contrast,1,1,0,0,0.818,0.182
mallet1688_jpeg_jpg.rf.67d8f7229dcf780ee97fbe4b7e057629_aug0_defocus_blur.jpg,defocus_blur,1,1,0,0,0.818,0.182
t_bot_mal309_jpeg_jpg.rf.9ed808cf5594af863f7af40900c61b21.jpg,original,1,1,0,0,0.818,0.182
20231021_172839_jpg.rf.944186b863646fce9e185043b560f0f8.jpg,original,1,1,0,0,0.819,0.181
JPEG-image-14_jpeg_jpg.rf.17d6acfc0686c706988e5d614698a372.jpg,original,1,1,0,0,0.819,0.181
c_mallet_550_JPG_jpg.rf.2c18f698f3670ee24586529e228cc3f1.jpg,original,1,1,0,0,0.819,0.181
mallet294_jpeg_jpg.rf.c00addddec296a1ff9867db0ff681ad6_aug0_gamma.jpg,gamma,1,1,0,0,0.819,0.181
t_bot_mal125_jpeg_jpg.rf.b2d58df9cd929da7e5286d9888722e49_aug0_defocus_blur.jpg,defocus_blur,1,1,0,0,0.819,0.181
c_mallet_162_JPG_jpg.rf.b5d5e03adda80dd13a4af6e145df59d8.jpg,original,1,1,0,0,0.82,0.18
c_mallet_465_JPG_jpg.rf.a55309d183bd61c99f0b46cc71bc723f.jpg,original,1,1,0,0,0.82,0.18
c_mallet_779_JPG_jpg.rf.4653eacb1442c640fa1ba498c40b2a95_aug0_defocus_blur+noise.jpg,defocus_blur+noise,1,1,0,0,0.82,0.18
mallet1471_jpeg_jpg.rf.20c0cfb326b8178805db28d839597719_aug0_contrast+grayscale.jpg,contrast+grayscale,1,1,0,0,0.82,0.18
t_bot_mal212_jpeg_jpg.rf.7a9e8c97899e01e2dce267d7543a9073_aug0_grayscale.jpg,grayscale,1,1,0,0,0.82,0.18
20231021_174503_jpg.rf.499fc26e52fc37b3da309a4a0aa6a510_aug0_grayscale.jpg,grayscale,1,1,0,0,0.821,0.179
20231021_174957_jpg.rf.f0297a9bbf442e91efe19d33f2f677b7_aug0_defocus_blur+grayscale.jpg,defocus_blur+grayscale,1,1,0,0,0.821,0.179
20231021_175251_jpg.rf.d99c5fff2f86d1ccf6443211ccaf0211.jpg,original,1,1,0,0,0.821,0.179
IMG_0503_JPG_jpg.rf.a3ba03269cd4cbe357f5bca2d49f83ef.jpg,original,1,1,0,0,0.821,0.179
IMG_0809_JPG_jpg.rf.5033b0b489c77b03360eecd120d7a84f.jpg,original,1,1,0,0,0.821,0.179
c_mallet_482_JPG_jpg.rf.8850346d25bc2410695d38f03e1eb0b8_aug0_motion_blur.jpg,motion_blur,1,1,0,0,0.821,0.179
t_bot_mal497_jpeg_jpg.rf.6dfad7ae757d71ce9ba5efcdc87c9893_aug0_contrast.jpg,contrast,1,1,0,0,0.821,0.179
20231021_173954_jpg.rf.4fee1fdd3f774aac54515693ff734ff6_aug0_defocus_blur+contrast.jpg,defocus_blur+contrast,1,1,0,0,0.822,0.178
20231021_174237_jpg.rf.9efa16e14d2317ce0912bf89fbbb82da_aug0_defocus_blur.jpg,defocus_blur,1,1,0,0,0.822,0.178
20231021_174849_jpg.rf.9adb7b9bee1c2abef50d91916068ff85.jpg,original,1,1,0,0,0.822,0.178
IMG_0654_JPG_jpg.rf.2fb923663f30a9cdace54a45a88e26c9.jpg,original,1,1,0,0,0.822,0.178
IMG_9938-2-copy-2_jpeg_jpg.rf.a0f1e2e47366ab974f66454c0a3c6481_aug0_contrast+gamma.jpg,contrast+gamma,1,1,0,0,0.822,0.178
c_mallet_68_JPG_jpg.rf.3bd63de7cbda522821e9041805400b3d.jpg,original,1,1,0,0,0.822,0.178
c_mallet_808_JPG_jpg.rf.5490eb11801d7a76213fdcb6966e476c_aug0_motion_blur.jpg,motion_blur,1,1,0,0,0.822,0.178
c_mallet_996_JPG_jpg.rf.7b2cef64c367c63b71676f1439000549_aug0_motion_blur+gamma.jpg,motion_blur+gamma,1,1,0,0,0.822,0.178
t_bot_mal790_jpeg_jpg.rf.5fc26572f8e5e06603245371d6b8876d.jpg,original,1,1,0,0,0.822,0.178
IMG_2792_JPG_jpg.rf.d758786f506f4cf815c5453d1ab8d083.jpg,original,1,1,0,0,0.823,0.177
c_mallet_1048_JPG_jpg.rf.ca25ad2b1938aeb6598bfcb246fff5e1.jpg,original,1,1,0,0,0.823,0.177
c_mallet_282_JPG_jpg.rf.4d4789a7f73b3a14af9a64ded17c60a9_aug0_gamma+motion_blur.jpg,gamma+motion_blur,1,1,0,0,0.823,0.177
mallet834_jpeg_jpg.rf.0d2e542dab594375aabe5db57353ee64_aug0_motion_blur+defocus_blur.jpg,motion_blur+defocus_blur,1,1,0,0,0.823,0.177
t_bot_mal790_jpeg_jpg.rf.5fc26572f8e5e06603245371d6b8876d_aug0_contrast+noise.jpg,contrast+noise,1,1,0,0,0.823,0.177
20231021_175752_jpg.rf.a7664b65c9f428a98be0c8213bc586e4.jpg,original,1,1,0,0,0.824,0.176
IMG_0262_JPG_jpg.rf.e12f7cf6dec234c477e9adf1e37eaba6_aug0_grayscale+motion_blur.jpg,grayscale+motion_blur,1,1,0,0,0.824,0.176
JPEG-image-3_jpeg_jpg.rf.cd738157ab181af7442527746a8b0221_aug0_defocus_blur.jpg,defocus_blur,1,1,0,0,0.824,0.176
c_mallet_199_JPG_jpg.rf.8eec284ea6fcc20c1846c2cfbf323667_aug0_noise.jpg,noise,1,1,0,0,0.824,0.176
mallet1625_jpeg_jpg.rf.2da07fa00ad9c15c5f8bb1d470361218.jpg,original,1,1,0,0,0.824,0.176
mallet1688_jpeg_jpg.rf.67d8f7229dcf780ee97fbe4b7e057629.jpg,original,1,1,0,0,0.824,0.176
t_bot_mal124_jpeg_jpg.rf.4f1159f9b133fead4f1c26b1f66f8bbd.jpg,original,1,1,0,0,0.824,0.176
t_bot_mal441_jpeg_jpg.rf.4960ab59e54758f053a7f1a4ea4c3bea_aug0_contrast.jpg,contrast,1,1,0,0,0.824,0.176
IMG_0192_JPG_jpg.rf.4c4fd788f453bee3d253cee533ecdb5a_aug0_motion_blur+grayscale.jpg,motion_blur+grayscale,1,1,0,0,0.825,0.175
t_bot_mal56_jpeg_jpg.rf.45fe85d5fb7f66e9cffd1b7196bcaab3.jpg,original,1,1,0,0,0.825,0.175
20231021_173231_jpg.rf.1127bbddfcd1a251d2a2bfdcef7bd833_aug0_noise.jpg,noise,1,1,0,0,0.826,0.174
20231021_174849_jpg.rf.9adb7b9bee1c2abef50d91916068ff85_aug0_gamma.jpg,gamma,1,1,0,0,0.826,0.174
82_jpg.rf.6f5a2ad4b402f010d50ef43b6c4e12c3.jpg,original,1,1,0,0,0.826,0.174
IMG_0202_JPG_jpg.rf.9c072a6e9f2406c2ddff2fae538e3a7a_aug0_motion_blur+grayscale.jpg,motion_blur+grayscale,1,1,0,0,0.826,0.174
mallet900_jpeg_jpg.rf.ab15301fcea5c408100f807a1535282c_aug0_noise.jpg,noise,1,1,0,0,0.826,0.174
t_bot_mal367_jpeg_jpg.rf.b5a402cb10e1e2069f09f5c6cbcdb418.jpg,original,1,1,0,0,0.826,0.174
y2mate_com-The-Worlds-Best-Water-Bottle-Nalgene-Wide-Mouth-32-Oz_1080p_mp4-135_jpg.rf.e421b663663d88313002ab554994ece9_aug0_noise+grayscale.jpg,noise+grayscale,1,1,0,0,0.826,0.174
20231021_174827_jpg.rf.cd4a415ffa26353701ca2ba367c1fa8e_aug0_grayscale+defocus_blur.jpg,grayscale+defocus_blur,1,1,0,0,0.827,0.173
IMG_0434_JPG_jpg.rf.609bdffe040aa60277d5ba50ab4f2380_aug0_defocus_blur.jpg,defocus_blur,1,1,0,0,0.827,0.173
IMG_0503_JPG_jpg.rf.a3ba03269cd4cbe357f5bca2d49f83ef_aug0_motion_blur+contrast.jpg,motion_blur+contrast,1,1,0,0,0.827,0.173
20231021_174352_jpg.rf.e3ca8dd38258e2ebaf4a7f85cd7b0851_aug0_gamma+contrast.jpg,gamma+contrast,1,1,0,0,0.828,0.172
20231021_175039_jpg.rf.9f812146f355f770e163b868f2adea13_aug0_grayscale+defocus_blur.jpg,grayscale+defocus_blur,1,1,0,0,0.828,0.172
IMG_0151_JPG_jpg.rf.3d442c0926ab50f92803879920d8fbf1.jpg,original,1,1,0,0,0.828,0.172
IMG_0263_JPG_jpg.rf.f5901ef05d4af3a57d40867831287cb0_aug0_defocus_blur+motion_blur.jpg,defocus_blur+motion_blur,1,1,0,0,0.828,0.172
mallet364_jpeg_jpg.rf.ab6155f7b2f5ea8a14751734bbca92e5.jpg,original,2,2,0,0,0.828,0.172
t_bot_mal346_jpeg_jpg.rf.77989802eb6db76c1dd9d8b43b84e25f_aug0_motion_blur.jpg,motion_blur,1,1,0,0,0.828,0.172
t_bot_mal441_jpeg_jpg.rf.4960ab59e54758f053a7f1a4ea4c3bea.jpg,original,1,1,0,0,0.828,0.172
20231021_173954_jpg.rf.4fee1fdd3f774aac54515693ff734ff6.jpg,original,1,1,0,0,0.829,0.171
20231021_174254_jpg.rf.33c60a38f89fd62957d058f1b8390189_aug0_defocus_blur.jpg,defocus_blur,1,1,0,0,0.829,0.171
20231021_175224_jpg.rf.845781816cfc306abd16c67618a8ac16.jpg,original,1,1,0,0,0.829,0.171
IMG_0198_JPG_jpg.rf.55d221fd3f0690ab544698e33789e6d4.jpg,original,1,1,0,0,0.829,0.171
IMG_0443_JPG_jpg.rf.4429cb167d3eb7ea309d73d1dc3a6a26.jpg,original,1,1,0,0,0.829,0.171
t_bot_mal172_jpeg_jpg.rf.d7c96a16604d73638cdd9dd5c9793cf0_aug0_contrast.jpg,contrast,1,1,0,0,0.829,0.171
139_jpg.rf.74edcbca1c28c9829fe01488a4d97cb8_aug0_noise.jpg,noise,1,1,0,0,0.83,0.17
20231021_174827_jpg.rf.cd4a415ffa26353701ca2ba367c1fa8e.jpg,original,1,1,0,0,0.83,0.17
IMG_0281_JPG_jpg.rf.2cbe77ff1d4edab5fe107b050d3ba2ae_aug0_grayscale.jpg,grayscale,1,1,0,0,0.83,0.17
IMG_0409_JPG_jpg.rf.926f5fed953ac5403eea324a99c0b82c.jpg,original,1,1,0,0,0.83,0.17
mallet294_jpeg_jpg.rf.c00addddec296a1ff9867db0ff681ad6.jpg,original,1,1,0,0,0.83,0.17
20231021_174254_jpg.rf.33c60a38f89fd62957d058f1b8390189.jpg,original,1,1,0,0,0.831,0.169
20231021_174757_jpg.rf.6d488bed9910b6ae1c03f4fc2b0c6934_aug0_defocus_blur+grayscale.jpg,defocus_blur+grayscale,1,1,0,0,0.831,0.169
IMG_0408_JPG_jpg.rf.69b231f5bef8000dca6faea7c7106e0b.jpg,original,1,1,0,0,0.831,0.169
c_mallet_144_JPG_jpg.rf.8c000f4032c2be4d6de1c94d4bfe624a_aug0_defocus_blur.jpg,defocus_blur,1,1,0,0,0.831,0.169
c_mallet_198_JPG_jpg.rf.65e6a938f2c6c324f501cfa6f6b036dd_aug0_noise.jpg,noise,1,1,0,0,0.831,0.169
20231021_173553_jpg.rf.bfb1d778636a8f81ea3d7d4e19d1f655.jpg,original,1,1,0,0,0.832,0.168
mallet328_jpeg_jpg.rf.e420eebfa55a1aa70584c525383a19ff_aug0_defocus_blur.jpg,defocus_blur,1,1,0,0,0.832,0.168
t_bot_mal467_jpeg_jpg.rf.1c307e92e63c2d0926e4c7d91745b4bc_aug0_defocus_blur+motion_blur.jpg,defocus_blur+motion_blur,1,1,0,0,0.832,0.168
mallet1465_jpeg_jpg.rf.a413f7c79f04f90cc61a7febf967013d.jpg,original,1,1,0,0,0.833,0.167
mallet646_jpeg_jpg.rf.8f7afc51d2e4cf4410047e521fd7f452_aug0_gamma+noise.jpg,gamma+noise,1,1,0,0,0.833,0.167
t_bot_mal424_jpeg_jpg.rf.7fbb8d3d53d6ae58ce9c995a537559db.jpg,original,1,1,0,0,0.833,0.167
20231021_175105_jpg.rf.146b74e35a0d7db67224a672967fe4d4_aug0_gamma.jpg,gamma,1,1,0,0,0.834,0.166
76_jpg.rf.89527d925e89a8bd7a547bbe2b0779cd.jpg,original,1,1,0,0,0.834,0.166
78_jpg.rf.4c2a0d8756552ea235f53f11776db2f3.jpg,original,1,1,0,0,0.834,0.166
c_mallet_288_JPG_jpg.rf.d971d929c41289206d95d3e61ff7b8c3_aug0_defocus_blur.jpg,defocus_blur,1,1,0,0,0.834,0.166
c_mallet_463_JPG_jpg.rf.b475c651762f6c32980de6b722f69cc0.jpg,original,1,1,0,0,0.834,0.166
c_mallet_68_JPG_jpg.rf.3bd63de7cbda522821e9041805400b3d_aug0_motion_blur+defocus_blur.jpg,motion_blur+defocus_blur,1,1,0,0,0.834,0.166
c_mallet_992_JPG_jpg.rf.f493e6c1497b6371eea35039ee1d54ff.jpg,original,1,1,0,0,0.834,0.166
mallet1215_jpeg_jpg.rf.b6801e3a7506e7874fb01cf987ff7c06.jpg,original,1,1,0,0,0.834,0.166
t_bot_mal222_jpeg_jpg.rf.a69cf1ff4eeebe76a82e3bdc5365aa18.jpg,original,1,1,0,0,0.834,0.166
20231021_173231_jpg.rf.1127bbddfcd1a251d2a2bfdcef7bd833.jpg,original,1,1,0,0,0.835,0.165
20231021_174237_jpg.rf.9efa16e14d2317ce0912bf89fbbb82da.jpg,original,1,1,0,0,0.835,0.165
20231021_175105_jpg.rf.146b74e35a0d7db67224a672967fe4d4.jpg,original,1,1,0,0,0.835,0.165
20231021_175152_jpg.rf.f0a9f5e51ee53bfeb0f49c6658f6b38f_aug0_contrast.jpg,contrast,1,1,0,0,0.835,0.165
IMG_9938-2-copy-2_jpeg_jpg.rf.a0f1e2e47366ab974f66454c0a3c6481.jpg,original,1,1,0,0,0.835,0.165
mallet646_jpeg_jpg.rf.8f7afc51d2e4cf4410047e521fd7f452.jpg,original,1,1,0,0,0.835,0.165
t_bot_mal411_jpeg_jpg.rf.525f31a74c845d476d0a43d80abdc180_aug0_contrast.jpg,contrast,1,1,0,0,0.835,0.165
193_jpg.rf.37c3e86631223eb83444b031dbfa1440.jpg,original,1,1,0,0,0.836,0.164
20231021_175152_jpg.rf.f0a9f5e51ee53bfeb0f49c6658f6b38f.jpg,original,1,1,0,0,0.836,0.164
IMG_0304_JPG_jpg.rf.d26a8306ed4ed532d32f8fddd3428869_aug0_motion_blur+grayscale.jpg,motion_blur+grayscale,1,1,0,0,0.836,0.164
mallet11_jpg.rf.12a214842356f36e110707ea9b60ab07_aug0_defocus_blur.jpg,defocus_blur,1,1,0,0,0.836,0.164
mallet328_jpeg_jpg.rf.e420eebfa55a1aa70584c525383a19ff.jpg,original,1,1,0,0,0.836,0.164
t_bot_mal119_jpeg_jpg.rf.d1cd34abfb2dcc79e52fe8568d833528_aug0_grayscale.jpg,grayscale,1,1,0,0,0.836,0.164
t_bot_mal685_jpeg_jpg.rf.883b413f60a6a5af4c70199c81624844.jpg,original,1,1,0,0,0.836,0.164
IMG_0187_JPG_jpg.rf.3fb627c46e90b9a4020543f421fa80e6.jpg,original,1,1,0,0,0.837,0.163
t_bot_mal209_jpeg_jpg.rf.d11363e312126b63c552e59d9d775363_aug0_noise.jpg,noise,1,1,0,0,0.837,0.163
t_bot_mal817_jpeg_jpg.rf.eb2325c3acd63985420418ae94c758ac_aug0_contrast.jpg,contrast,1,1,0,0,0.837,0.163
y2mate_com-The-Worlds-Best-Water-Bottle-Nalgene-Wide-Mouth-32-Oz_1080p_mp4-121_jpg.rf.10f0b17b8e1190ebcdcaef19affdc42d.jpg,original,1,1,0,0,0.837,0.163
20231021_175039_jpg.rf.9f812146f355f770e163b868f2adea13.jpg,original,1,1,0,0,0.838,0.162
IMG_0409_JPG_jpg.rf.926f5fed953ac5403eea324a99c0b82c_aug0_motion_blur+defocus_blur.jpg,motion_blur+defocus_blur,1,1,0,0,0.838,0.162
c_mallet_1251_JPG_jpg.rf.0bf21bb81bca90d4f5448a0c5df92eb8.jpg,original,1,1,0,0,0.838,0.162
20231021_175018_jpg.rf.c8e9f3af35d97fcdb1f8b05cf66fbea5_aug0_defocus_blur+contrast.jpg,defocus_blur+contrast,1,1,0,0,0.839,0.161
IMG_0809_JPG_jpg.rf.5033b0b489c77b03360eecd120d7a84f_aug0_defocus_blur+contrast.jpg,defocus_blur+contrast,1,1,0,0,0.839,0.161
t_bot_mal685_jpeg_jpg.rf.883b413f60a6a5af4c70199c81624844_aug0_noise.jpg,noise,1,1,0,0,0.839,0.161
139_jpg.rf.74edcbca1c28c9829fe01488a4d97cb8.jpg,original,1,1,0,0,0.84,0.16
20231021_175018_jpg.rf.c8e9f3af35d97fcdb1f8b05cf66fbea5.jpg,original,1,1,0,0,0.84,0.16
76_jpg.rf.89527d925e89a8bd7a547bbe2b0779cd_aug0_gamma.jpg,gamma,1,1,0,0,0.84,0.16
IMG_0187_JPG_jpg.rf.3fb627c46e90b9a4020543f421fa80e6_aug0_contrast+gamma.jpg,contrast+gamma,1,1,0,0,0.84,0.16
IMG_0398_JPG_jpg.rf.cac69201d90f583005809aa4347fc8ad.jpg,original,1,1,0,0,0.84,0.16
IMG_4532_jpg.rf.cf83d9851945cc30be42e073e49122cf.jpg,original,1,1,0,0,0.84,0.16
c_mallet_144_JPG_jpg.rf.8c000f4032c2be4d6de1c94d4bfe624a.jpg,original,1,1,0,0,0.84,0.16
c_mallet_288_JPG_jpg.rf.d971d929c41289206d95d3e61ff7b8c3.jpg,original,1,1,0,0,0.84,0.16
green_nalgene_vid_mp4-198_jpg.rf.2b9830fc07c65d21b5a5551472e54521_aug0_noise.jpg,noise,1,1,0,0,0.84,0.16
mallet701_jpeg_jpg.rf.c7176f186ddcd4a0746c9ade17045343_aug0_noise.jpg,noise,1,1,0,0,0.84,0.16
t_bot_mal218_jpeg_jpg.rf.7e5ba52047ae21c2cb989b7fcf5f52df.jpg,original,1,1,0,0,0.84,0.16
t_bot_mal23_jpeg_jpg.rf.a452165a5f3ac43c6d9db95f11fcff74_aug0_gamma+contrast.jpg,gamma+contrast,1,1,0,0,0.84,0.16
t_bot_mal463_jpeg_jpg.rf.2336798036ac98e95391f3ac5d0d4f07_aug0_gamma+motion_blur.jpg,gamma+motion_blur,1,1,0,0,0.84,0.16
20231021_173429_jpg.rf.3bd244e0aec992eb02e7d7bdedbe014c_aug0_grayscale+defocus_blur.jpg,grayscale+defocus_blur,1,1,0,0,0.841,0.159
IMG_0245_JPG_jpg.rf.bce6387324244f61cc40bdca10b82ed1_aug0_grayscale+contrast.jpg,grayscale+contrast,1,1,0,0,0.841,0.159
20231021_173855_jpg.rf.cfcd1a354af64d53fc4c850928058161.jpg,original,1,1,0,0,0.842,0.158
IMG_0198_JPG_jpg.rf.55d221fd3f0690ab544698e33789e6d4_aug0_defocus_blur+grayscale.jpg,defocus_blur+grayscale,1,1,0,0,0.842,0.158
c_mallet_472_JPG_jpg.rf.9de59e9aa2c8f447ef57537ab24ffc7d.jpg,original,1,1,0,0,0.842,0.158
c_mallet_996_JPG_jpg.rf.7b2cef64c367c63b71676f1439000549.jpg,original,1,1,0,0,0.842,0.158
t_bot_mal218_jpeg_jpg.rf.7e5ba52047ae21c2cb989b7fcf5f52df_aug0_motion_blur+contrast.jpg,motion_blur+contrast,1,1,0,0,0.842,0.158
20231021_173640_jpg.rf.bd5fe1a4cbc0b321caa5353f5c0450e5.jpg,original,1,1,0,0,0.843,0.157
20231021_174312_jpg.rf.89f0b5562aacef2bc88a686bbcb15039.jpg,original,1,1,0,0,0.843,0.157
IMG_0204_JPG_jpg.rf.6554f5cba7eb351fe9e7bb4d6889cf28.jpg,original,1,1,0,0,0.843,0.157
IMG_2790_JPG_jpg.rf.634e2e482cf1ddddf325ecfe40cc99c9_aug0_defocus_blur+noise.jpg,defocus_blur+noise,1,1,0,0,0.843,0.157
IMG_4477_jpg.rf.d33882c4cb7748d372513ee88f78910e_aug0_defocus_blur+gamma.jpg,defocus_blur+gamma,1,1,0,0,0.843,0.157
c_mallet_16_JPG_jpg.rf.6ed2065f40fd2d49930a9b7ecf25bffa_aug0_gamma.jpg,gamma,1,1,0,0,0.843,0.157
mallet1625_jpeg_jpg.rf.2da07fa00ad9c15c5f8bb1d470361218_aug0_motion_blur+defocus_blur.jpg,motion_blur+defocus_blur,1,1,0,0,0.843,0.157
mallet701_jpeg_jpg.rf.c7176f186ddcd4a0746c9ade17045343.jpg,original,1,1,0,0,0.843,0.157
t_bot_mal172_jpeg_jpg.rf.d7c96a16604d73638cdd9dd5c9793cf0.jpg,original,1,1,0,0,0.843,0.157
t_bot_mal25_jpeg_jpg.rf.181ad8dd2f2ba6e7eb4555895154b90d_aug0_contrast+defocus_blur.jpg,contrast+defocus_blur,1,1,0,0,0.843,0.157
t_bot_mal438_jpeg_jpg.rf.d08d49be5b976dbe6fbc23831b129a34_aug0_motion_blur+defocus_blur.jpg,motion_blur+defocus_blur,1,1,0,0,0.843,0.157
t_bot_mal629_jpeg_jpg.rf.575f0c883ba3acddd73cdab9709c5a8d.jpg,original,1,1,0,0,0.843,0.157
20231021_173950_jpg.rf.6bc9728b9596f9e958c72ab0a7496ec2_aug0_contrast+noise.jpg,contrast+noise,1,1,0,0,0.844,0.156
c_mallet_1056_JPG_jpg.rf.21ea30fdb2a0a8cb3e1eaba2ca47efbf.jpg,original,1,1,0,0,0.844,0.156
mallet364_jpeg_jpg.rf.ab6155f7b2f5ea8a14751734bbca92e5_aug0_gamma.jpg,gamma,2,2,0,0,0.844,0.156
t_bot_mal403_jpeg_jpg.rf.f1ee91fc416e57019ba0b4a15c03741c_aug0_grayscale+gamma.jpg,grayscale+gamma,1,1,0,0,0.844,0.156
20231021_174957_jpg.rf.f0297a9bbf442e91efe19d33f2f677b7.jpg,original,1,1,0,0,0.845,0.155
IMG_0339_JPG_jpg.rf.28073f3add1d4cee0d0c12ebd875252a_aug0_gamma.jpg,gamma,1,1,0,0,0.845,0.155
IMG_0441_JPG_jpg.rf.baca479d5253c5c068a4073e092e8410.jpg,original,1,1,0,0,0.845,0.155
IMG_8994_jpeg_jpg.rf.87f495e2e6638f2f9e63b5490c0b178e_aug0_motion_blur.jpg,motion_blur,1,1,0,0,0.845,0.155
Screenshot-2024-05-28-at-10-02-16-AM-copy-3_png_jpg.rf.c1e5ddb830312ba855197502bc294286_aug0_defocus_blur.jpg,defocus_blur,1,1,0,0,0.845,0.155
c_mallet_1006_JPG_jpg.rf.ef7259b2eaff5456f39fda4d27eb38fd_aug0_motion_blur+noise.jpg,motion_blur+noise,1,1,0,0,0.845,0.155
c_mallet_482_JPG_jpg.rf.8850346d25bc2410695d38f03e1eb0b8.jpg,original,1,1,0,0,0.845,0.155
mallet360_jpeg_jpg.rf.f3db6fc7f9f9ae7ae2bff4a7151214b7.jpg,original,2,2,0,0,0.845,0.155
mallet479_jpeg_jpg.rf.2c6dcf77b1fecd5ec7e1baf7f53e9712_aug0_noise+contrast.jpg,noise+contrast,1,1,0,0,0.845,0.155
20231021_173825_jpg.rf.1833436b7e3230865d5273680bce01e4_aug0_defocus_blur+motion_blur.jpg,defocus_blur+motion_blur,1,1,0,0,0.846,0.154
20231021_173858_jpg.rf.b1a64fe06d79f57a87e0549cf5343ead.jpg,original,1,1,0,0,0.846,0.154
20231021_173858_jpg.rf.b1a64fe06d79f57a87e0549cf5343ead_aug0_motion_blur.jpg,motion_blur,1,1,0,0,0.846,0.154
20231021_174805_jpg.rf.ab2e15e24bc60503e155fe99b1cb42f0_aug0_defocus_blur.jpg,defocus_blur,1,1,0,0,0.846,0.154
IMG_0392_JPG_jpg.rf.83a890a0b4f41cbaa06b05a67591e695.jpg,original,1,1,0,0,0.846,0.154
IMG_2790_JPG_jpg.rf.634e2e482cf1ddddf325ecfe40cc99c9.jpg,original,1,1,0,0,0.846,0.154
t_bot_mal186_jpeg_jpg.rf.93b4341392d3ba941545774e5189cc7b.jpg,original,1,1,0,0,0.846,0.154
20231021_173503_jpg.rf.235903424bbafac9d641c15685f88175_aug0_contrast.jpg,contrast,1,1,0,0,0.847,0.153
IMG_0441_JPG_jpg.rf.baca479d5253c5c068a4073e092e8410_aug0_contrast.jpg,contrast,1,1,0,0,0.847,0.153
t_bot_mal779_jpeg_jpg.rf.14a402523d6641bf46744baf77c6eb1f.jpg,original,1,1,0,0,0.847,0.153
20231021_174805_jpg.rf.ab2e15e24bc60503e155fe99b1cb42f0.jpg,original,1,1,0,0,0.848,0.152
IMG_0202_JPG_jpg.rf.9c072a6e9f2406c2ddff2fae538e3a7a.jpg,original,1,1,0,0,0.848,0.152
JPEG-image-3_jpeg_jpg.rf.cd738157ab181af7442527746a8b0221.jpg,original,1,1,0,0,0.848,0.152
c_mallet_378_JPG_jpg.rf.3e0551e4869567f23cddc9fb5b3bcbf7_aug0_contrast+motion_blur.jpg,contrast+motion_blur,1,1,0,0,0.848,0.152
t_bot_mal273_jpeg_jpg.rf.79a76c1ce3b2c3f2a9c0f487bd72fa73.jpg,original,1,1,0,0,0.848,0.152
t_bot_mal493_jpeg_jpg.rf.8cc4a7d5309e64d68c0d6f4b96dc8ba8.jpg,original,1,1,0,0,0.848,0.152
1literwidemouthwaterbottle116_jpeg_jpg.rf.a8d4871ac4b6ba5aef968b3a16412727_aug0_motion_blur.jpg,motion_blur,1,1,0,0,0.849,0.151
20231021_173503_jpg.rf.235903424bbafac9d641c15685f88175.jpg,original,1,1,0,0,0.849,0.151
20231021_174507_jpg.rf.0f494acffc4763a1531fc9cdb849ab9c_aug0_grayscale.jpg,grayscale,1,1,0,0,0.849,0.151
20231021_174548_jpg.rf.32ea738d0c632845c1b60b8c1a9710e3.jpg,original,1,1,0,0,0.849,0.151
IMG_0313_JPG_jpg.rf.7c5450b5ee8b03d5d8d80c7cd288012b_aug0_motion_blur+defocus_blur.jpg,motion_blur+defocus_blur,1,1,0,0,0.849,0.151
c_mallet_282_JPG_jpg.rf.4d4789a7f73b3a14af9a64ded17c60a9.jpg,original,1,1,0,0,0.849,0.151
green_nalgene_vid_mp4-179_jpg.rf.a0bc0726503617eb0f4e0c607eabe5a3_aug0_noise+motion_blur.jpg,noise+motion_blur,1,1,0,0,0.849,0.151
t_bot_mal119_jpeg_jpg.rf.d1cd34abfb2dcc79e52fe8568d833528.jpg,original,1,1,0,0,0.849,0.151
t_bot_mal38_jpeg_jpg.rf.64f1ec480ebd92b7ec69a9d37e4f66ad_aug0_grayscale+motion_blur.jpg,grayscale+motion_blur,1,1,0,0,0.849,0.151
t_bot_mal495_jpeg_jpg.rf.4dc42a8d84f1542d387bfaae3434e58a.jpg,original,1,1,0,0,0.849,0.151
1literwidemouthwaterbottle167_jpeg_jpg.rf.67162ebaa52f29fad823d6729f3007a2.jpg,original,1,1,0,0,0.85,0.15
20231021_172656_jpg.rf.ea848c2fe7b9f4f0ae380ac1d07e5182.jpg,original,1,1,0,0,0.85,0.15
20231021_173429_jpg.rf.3bd244e0aec992eb02e7d7bdedbe014c.jpg,original,1,1,0,0,0.85,0.15
20231021_173950_jpg.rf.6bc9728b9596f9e958c72ab0a7496ec2.jpg,original,1,1,0,0,0.85,0.15
20231021_174647_jpg.rf.0af649c5a9bec696aa469515ea621d52_aug0_motion_blur+contrast.jpg,motion_blur+contrast,1,1,0,0,0.85,0.15
IMG_0193_JPG_jpg.rf.73545c7cbfe86c35a75923de7aaa4088.jpg,original,1,1,0,0,0.85,0.15
c_mallet_158_JPG_jpg.rf.4e0beb656b19bb147307d74ab87cae09.jpg,original,1,1,0,0,0.85,0.15
c_mallet_16_JPG_jpg.rf.6ed2065f40fd2d49930a9b7ecf25bffa.jpg,original,1,1,0,0,0.85,0.15
mallet11_jpg.rf.12a214842356f36e110707ea9b60ab07.jpg,original,1,1,0,0,0.85,0.15
mallet900_jpeg_jpg.rf.ab15301fcea5c408100f807a1535282c.jpg,original,1,1,0,0,0.85,0.15
t_bot_mal170_jpeg_jpg.rf.87923a45e889c3a630ae4405427794e6.jpg,original,1,1,0,0,0.85,0.15
t_bot_mal273_jpeg_jpg.rf.79a76c1ce3b2c3f2a9c0f487bd72fa73_aug0_noise+defocus_blur.jpg,noise+defocus_blur,1,1,0,0,0.85,0.15
20231021_172802_jpg.rf.2e24443a6b37823a52bcc500461b2efb.jpg,original,1,1,0,0,0.851,0.149
20231021_174647_jpg.rf.0af649c5a9bec696aa469515ea621d52.jpg,original,1,1,0,0,0.851,0.149
25_jpg.rf.21f320dd88b0e6efa1c9472cc6323ac5.jpg,original,1,1,0,0,0.851,0.149
IMG_0317_JPG_jpg.rf.b9b811336fafe426ae3a782bbf72d0d5_aug0_motion_blur.jpg,motion_blur,1,1,0,0,0.851,0.149
IMG_0434_JPG_jpg.rf.609bdffe040aa60277d5ba50ab4f2380.jpg,original,1,1,0,0,0.851,0.149
c_mallet_1082_JPG_jpg.rf.f18cd37cdc0b9dd504a20561e8a6ba6e.jpg,original,1,1,0,0,0.851,0.149
c_mallet_239_JPG_jpg.rf.68834d7d16371975412275519c445f5e_aug0_gamma.jpg,gamma,1,1,0,0,0.851,0.149
c_mallet_378_JPG_jpg.rf.3e0551e4869567f23cddc9fb5b3bcbf7.jpg,original,1,1,0,0,0.851,0.149
t_bot_mal213_jpeg_jpg.rf.c557d7c186d73769732be8c4a2e76df5.jpg,original,1,1,0,0,0.851,0.149
t_bot_mal265_jpeg_jpg.rf.ef2c6eec2b2490dcba07af0081a982df_aug0_defocus_blur.jpg,defocus_blur,1,1,0,0,0.851,0.149
1literwidemouthwaterbottle13_jpeg_jpg.rf.a79c0baa161ec729a271af3beacd4f97_aug0_gamma+contrast.jpg,gamma+contrast,1,1,0,0,0.852,0.148
1literwidemouthwaterbottle167_jpeg_jpg.rf.67162ebaa52f29fad823d6729f3007a2_aug0_gamma.jpg,gamma,1,1,0,0,0.852,0.148
20231021_174352_jpg.rf.e3ca8dd38258e2ebaf4a7f85cd7b0851.jpg,original,1,1,0,0,0.852,0.148
20231021_174806_jpg.rf.b22880b52076239b4cdc0d7566593bd9.jpg,original,1,1,0,0,0.852,0.148
c_mallet_242_JPG_jpg.rf.70c45296383733cdcd63601da53d02ed_aug0_contrast.jpg,contrast,1,1,0,0,0.852,0.148
c_mallet_476_JPG_jpg.rf.70ba8e8294b8f489525bd13d5738e007.jpg,original,1,1,0,0,0.852,0.148
c_mallet_777_JPG_jpg.rf.c32f9bc9f7f79e76ba0a52c794fc8822_aug0_noise+motion_blur.jpg,noise+motion_blur,1,1,0,0,0.852,0.148
mallet1163_jpeg_jpg.rf.e1f577389d7783455fcf577129c7554c.jpg,original,1,1,0,0,0.852,0.148
mallet834_jpeg_jpg.rf.0d2e542dab594375aabe5db57353ee64.jpg,original,1,1,0,0,0.852,0.148
t_bot_mal193_jpeg_jpg.rf.ad5c23d993c3e60bdf971c105c54c713_aug0_gamma.jpg,gamma,1,1,0,0,0.852,0.148
1literwidemouthwaterbottle13_jpeg_jpg.rf.a79c0baa161ec729a271af3beacd4f97.jpg,original,1,1,0,0,0.853,0.147
1literwidemouthwaterbottle249_jpeg_jpg.rf.b0eff4bab9c0a900bb9dd663d535b6af.jpg,original,1,1,0,0,0.853,0.147
20231021_172656_jpg.rf.ea848c2fe7b9f4f0ae380ac1d07e5182_aug0_defocus_blur.jpg,defocus_blur,1,1,0,0,0.853,0.147
20231021_173825_jpg.rf.1833436b7e3230865d5273680bce01e4.jpg,original,1,1,0,0,0.853,0.147
IMG_0101_JPG_jpg.rf.9cadb6c3affa7c287c1aae3736c15dc7_aug0_noise+contrast.jpg,noise+contrast,1,1,0,0,0.853,0.147
IMG_0263_JPG_jpg.rf.f5901ef05d4af3a57d40867831287cb0.jpg,original,1,1,0,0,0.853,0.147
c_mallet_528_JPG_jpg.rf.778c676715a86905dac60e1bb1124861_aug0_gamma+motion_blur.jpg,gamma+motion_blur,1,1,0,0,0.853,0.147
mallet1254_jpeg_jpg.rf.ad1423b93ce90bc6289fc20578fcd1f6.jpg,original,1,1,0,0,0.853,0.147
t_bot_mal497_jpeg_jpg.rf.6dfad7ae757d71ce9ba5efcdc87c9893.jpg,original,1,1,0,0,0.853,0.147
t_bot_mal579_jpeg_jpg.rf.984465fcd799977fdd3995f01cd377b0.jpg,original,1,1,0,0,0.853,0.147
t_bot_mal765_jpeg_jpg.rf.ff2e3a4c12e3297b6a8aeef37be0de46.jpg,original,1,1,0,0,0.853,0.147
y2mate_com-The-Worlds-Best-Water-Bottle-Nalgene-Wide-Mouth-32-Oz_1080p_mp4-174_jpg.rf.b5195029b610dfca6b4cd11194614f4c_aug0_grayscale+motion_blur.jpg,grayscale+motion_blur,1,1,0,0,0.853,0.147
y2mate_com-The-Worlds-Best-Water-Bottle-Nalgene-Wide-Mouth-32-Oz_1080p_mp4-215_jpg.rf.21320d2b17b896466e77e50e5a45ce8b_aug0_noise+motion_blur.jpg,noise+motion_blur,1,1,0,0,0.853,0.147
20231021_172802_jpg.rf.2e24443a6b37823a52bcc500461b2efb_aug0_motion_blur.jpg,motion_blur,1,1,0,0,0.854,0.146
20231021_173204_jpg.rf.bf17b4de233d9513e65b94df82fc5623.jpg,original,1,1,0,0,0.854,0.146
IMG_0339_JPG_jpg.rf.28073f3add1d4cee0d0c12ebd875252a.jpg,original,1,1,0,0,0.854,0.146
c_mallet_158_JPG_jpg.rf.4e0beb656b19bb147307d74ab87cae09_aug0_motion_blur.jpg,motion_blur,1,1,0,0,0.854,0.146
c_mallet_242_JPG_jpg.rf.70c45296383733cdcd63601da53d02ed.jpg,original,1,1,0,0,0.854,0.146
c_mallet_559_JPG_jpg.rf.ef842fa612bf24af1637041cb60337c5.jpg,original,1,1,0,0,0.854,0.146
mallet1254_jpeg_jpg.rf.ad1423b93ce90bc6289fc20578fcd1f6_aug0_gamma.jpg,gamma,1,1,0,0,0.854,0.146
mallet862_jpeg_jpg.rf.cd8da4921163019f163b7eefe2710607_aug0_noise.jpg,noise,1,1,0,0,0.854,0.146
t_bot_mal532_jpeg_jpg.rf.b45c94be0529a6fedc565dac1e6fcae0.jpg,original,1,1,0,0,0.854,0.146
20231021_173953_jpg.rf.04d89038caedfd7c57e02565201d16bb.jpg,original,1,1,0,0,0.855,0.145
20231021_174825_jpg.rf.82010e09df294f2b165fcf707667c72d_aug0_defocus_blur+grayscale.jpg,defocus_blur+grayscale,1,1,0,0,0.855,0.145
20231021_175116_jpg.rf.3f3adbca97c5b7cde78fb1997261a560_aug0_grayscale+noise.jpg,grayscale+noise,1,1,0,0,0.855,0.145
IMG_0368_JPG_jpg.rf.d2d54f524b52eb3c3a44c39abb4d4be9.jpg,original,1,1,0,0,0.855,0.145
c_mallet_178_JPG_jpg.rf.fe357147ad00c4fda261d8bfbaf5748f_aug0_gamma.jpg,gamma,1,1,0,0,0.855,0.145
c_mallet_239_JPG_jpg.rf.68834d7d16371975412275519c445f5e.jpg,original,1,1,0,0,0.855,0.145
t_bot_mal130_jpeg_jpg.rf.66f9c8bfc493c40f1b9a1db302fc2c96.jpg,original,1,1,0,0,0.855,0.145
t_bot_mal265_jpeg_jpg.rf.ef2c6eec2b2490dcba07af0081a982df.jpg,original,1,1,0,0,0.855,0.145
1literwidemouthwaterbottle116_jpeg_jpg.rf.a8d4871ac4b6ba5aef968b3a16412727.jpg,original,1,1,0,0,0.856,0.144
green_nalgene_vid_mp4-175_jpg.rf.25810c255aaf2453465fbd70346c4a3c.jpg,original,1,1,0,0,0.856,0.144
mallet987_jpeg_jpg.rf.90156a8ba97b19a7d4ec6c8115ff14e1_aug0_noise.jpg,noise,1,1,0,0,0.856,0.144
t_bot_mal437_jpeg_jpg.rf.e39b99324b344c8b2fc9ea778c7933ae_aug0_noise+gamma.jpg,noise+gamma,1,1,0,0,0.856,0.144
t_bot_mal696_jpeg_jpg.rf.fc35e149038c26bac2964112f6e8beb4_aug0_motion_blur+contrast.jpg,motion_blur+contrast,1,1,0,0,0.856,0.144
1literwidemouthwaterbottle218_jpeg_jpg.rf.3400bbcc5e57687fe9fb91be584dc0a3.jpg,original,1,1,0,0,0.857,0.143
20231021_174643_jpg.rf.9455196cb9f5ffb367b8b509568cd3ba.jpg,original,1,1,0,0,0.857,0.143
20231021_175132_jpg.rf.0e3677bfa57d0e7114bf76c6bbe5f64c_aug0_defocus_blur.jpg,defocus_blur,1,1,0,0,0.857,0.143
IMG_0140_JPG_jpg.rf.0df86e764969e18cfb979134c2754079.jpg,original,1,1,0,0,0.857,0.143
IMG_0386_JPG_jpg.rf.3850d33e5406cb19fbcd0ef418dfc7fc_aug0_gamma.jpg,gamma,1,1,0,0,0.857,0.143
IMG_8994_jpeg_jpg.rf.87f495e2e6638f2f9e63b5490c0b178e.jpg,original,1,1,0,0,0.857,0.143
c_mallet_1006_JPG_jpg.rf.ef7259b2eaff5456f39fda4d27eb38fd.jpg,original,1,1,0,0,0.857,0.143
c_mallet_779_JPG_jpg.rf.4653eacb1442c640fa1ba498c40b2a95.jpg,original,1,1,0,0,0.857,0.143
c_mallet_178_JPG_jpg.rf.fe357147ad00c4fda261d8bfbaf5748f.jpg,original,1,1,0,0,0.858,0.142
y2mate_com-The-Worlds-Best-Water-Bottle-Nalgene-Wide-Mouth-32-Oz_1080p_mp4-170_jpg.rf.132a21e617fd3bd7c8031d9b882347c0_aug0_grayscale.jpg,grayscale,1,1,0,0,0.858,0.142
20231021_173806_jpg.rf.ee79c062f2f2e9115373811f83c81361_aug0_contrast+defocus_blur.jpg,contrast+defocus_blur,1,1,0,0,0.859,0.141
IMG_0193_JPG_jpg.rf.73545c7cbfe86c35a75923de7aaa4088_aug0_grayscale.jpg,grayscale,1,1,0,0,0.859,0.141
mallet841_jpeg_jpg.rf.d7ba96841d34860a91da7f61532dba63_aug0_gamma.jpg,gamma,1,1,0,0,0.859,0.141
mallet987_jpeg_jpg.rf.90156a8ba97b19a7d4ec6c8115ff14e1.jpg,original,1,1,0,0,0.859,0.141
t_bot_mal199_jpeg_jpg.rf.297c4b708911abc87c844090733d4c3c.jpg,original,1,1,0,0,0.859,0.141
t_bot_mal227_jpeg_jpg.rf.8a29a643c9cdebfda28be31e8d9f0f44.jpg,original,1,1,0,0,0.859,0.141
20231021_173204_jpg.rf.bf17b4de233d9513e65b94df82fc5623_aug0_defocus_blur.jpg,defocus_blur,1,1,0,0,0.86,0.14
20231021_173743_jpg.rf.7f6ac5f73ac2eb4beec87d8faf280408_aug0_noise+defocus_blur.jpg,noise+defocus_blur,1,1,0,0,0.86,0.14
20231021_173955_jpg.rf.482d330334a7c4a27ed3ba44eb05147e.jpg,original,1,1,0,0,0.86,0.14
20231021_173955_jpg.rf.482d330334a7c4a27ed3ba44eb05147e_aug0_defocus_blur+noise.jpg,defocus_blur+noise,1,1,0,0,0.86,0.14
IMG_0152_JPG_jpg.rf.aa5ba84caa520490ba446c6687fb50b8.jpg,original,1,1,0,0,0.86,0.14
IMG_0183_JPG_jpg.rf.f40690b5cbfecd21794d8f2b9ddc705e_aug0_contrast+defocus_blur.jpg,contrast+defocus_blur,1,1,0,0,0.86,0.14
IMG_0141_JPG_jpg.rf.39d581d075aecdfa1595958bf11ef185_aug0_defocus_blur+motion_blur.jpg,defocus_blur+motion_blur,1,1,0,0,0.861,0.139
IMG_0386_JPG_jpg.rf.3850d33e5406cb19fbcd0ef418dfc7fc.jpg,original,1,1,0,0,0.861,0.139
IMG_0461_JPG_jpg.rf.ec0477141045ef6582350fb568755528_aug0_defocus_blur.jpg,defocus_blur,1,1,0,0,0.861,0.139
c_mallet_478_JPG_jpg.rf.d7f4f12854977ab4bf9de1c9eb11e109.jpg,original,1,1,0,0,0.861,0.139
mallet313_jpeg_jpg.rf.e9dd28104c790439ba5a034ec1631e14_aug0_grayscale.jpg,grayscale,1,1,0,0,0.861,0.139
mallet862_jpeg_jpg.rf.cd8da4921163019f163b7eefe2710607.jpg,original,1,1,0,0,0.861,0.139
51_jpg.rf.48c165b8905b63697c55d7bd79197065.jpg,original,1,1,0,0,0.862,0.138
IMG_0368_JPG_jpg.rf.d2d54f524b52eb3c3a44c39abb4d4be9_aug0_contrast.jpg,contrast,1,1,0,0,0.862,0.138
mallet479_jpeg_jpg.rf.2c6dcf77b1fecd5ec7e1baf7f53e9712.jpg,original,1,1,0,0,0.862,0.138
t_bot_mal139_jpeg_jpg.rf.d9eb2530f8fcb12effbb242060506131.jpg,original,1,1,0,0,0.862,0.138
t_bot_mal443_jpeg_jpg.rf.314f40f09cd79f8df86639f4a3695f38.jpg,original,1,1,0,0,0.862,0.138
y2mate_com-The-Worlds-Best-Water-Bottle-Nalgene-Wide-Mouth-32-Oz_1080p_mp4-121_jpg.rf.10f0b17b8e1190ebcdcaef19affdc42d_aug0_gamma+noise.jpg,gamma+noise,1,1,0,0,0.862,0.138
IMG_0313_JPG_jpg.rf.7c5450b5ee8b03d5d8d80c7cd288012b.jpg,original,1,1,0,0,0.863,0.137
green_nalgene_vid_mp4-2_jpg.rf.19d57f48e61e763dc064cf8f03576701_aug0_gamma.jpg,gamma,1,1,0,0,0.863,0.137
t_bot_mal696_jpeg_jpg.rf.fc35e149038c26bac2964112f6e8beb4.jpg,original,1,1,0,0,0.863,0.137
t_bot_mal765_jpeg_jpg.rf.ff2e3a4c12e3297b6a8aeef37be0de46_aug0_motion_blur.jpg,motion_blur,1,1,0,0,0.863,0.137
20231021_174403_jpg.rf.780f8d9720ddb4cfedfec37a6b9ac4f4.jpg,original,1,1,0,0,0.864,0.136
20231021_175002_jpg.rf.79f43905dba8a13a5a925a4c8737fb2d_aug0_defocus_blur.jpg,defocus_blur,1,1,0,0,0.864,0.136
IMG_0192_JPG_jpg.rf.4c4fd788f453bee3d253cee533ecdb5a.jpg,original,1,1,0,0,0.864,0.136
July21_strovtag-e1654636036472_jpg.rf.b286f3ed74b6c51686009d6214778eb2_aug0_gamma.jpg,gamma,1,1,0,0,0.864,0.136
c_mallet_212_JPG_jpg.rf.c47a39c53ee109bd7ef78a0279f9c930.jpg,original,1,1,0,0,0.864,0.136
c_mallet_256_JPG_jpg.rf.8bef8dc7c743d12321bc37a0911b07dc.jpg,original,1,1,0,0,0.864,0.136
mallet129_jpeg_jpg.rf.654e2d3158deb834025481c91a09fd2a.jpg,original,1,1,0,0,0.864,0.136
t_bot_mal176_jpeg_jpg.rf.49bbd306abb1e55de4dddf5567259428_aug0_gamma+defocus_blur.jpg,gamma+defocus_blur,1,1,0,0,0.864,0.136
t_bot_mal213_jpeg_jpg.rf.c557d7c186d73769732be8c4a2e76df5_aug0_noise.jpg,noise,1,1,0,0,0.864,0.136
t_bot_mal693_jpeg_jpg.rf.f0212538b819a1b80de98a05557c63a4_aug0_gamma+defocus_blur.jpg,gamma+defocus_blur,1,1,0,0,0.864,0.136
20231021_175132_jpg.rf.0e3677bfa57d0e7114bf76c6bbe5f64c.jpg,original,1,1,0,0,0.865,0.135
32_jpg.rf.20ca172ac692f861dcf9c94624351dc0_aug0_noise+gamma.jpg,noise+gamma,1,1,0,0,0.865,0.135
mallet1656_jpeg_jpg.rf.c92bf40ae9a92325d8060d902da97809.jpg,original,1,1,0,0,0.865,0.135
t_bot_mal576_jpeg_jpg.rf.8a02a72b7c528b4dc9f8b783afcf0cad_aug0_noise.jpg,noise,1,1,0,0,0.865,0.135
t_bot_mal817_jpeg_jpg.rf.eb2325c3acd63985420418ae94c758ac.jpg,original,1,1,0,0,0.865,0.135
c_mallet_212_JPG_jpg.rf.c47a39c53ee109bd7ef78a0279f9c930_aug0_motion_blur+contrast.jpg,motion_blur+contrast,1,1,0,0,0.866,0.134
mallet841_jpeg_jpg.rf.d7ba96841d34860a91da7f61532dba63.jpg,original,1,1,0,0,0.866,0.134
1literwidemouthwaterbottle218_jpeg_jpg.rf.3400bbcc5e57687fe9fb91be584dc0a3_aug0_grayscale+gamma.jpg,grayscale+gamma,1,1,0,0,0.867,0.133
20231021_173953_jpg.rf.04d89038caedfd7c57e02565201d16bb_aug0_contrast+noise.jpg,contrast+noise,1,1,0,0,0.867,0.133
20231021_174248_jpg.rf.3d77974d3312251ff0fce2f785bfb48e_aug0_noise.jpg,noise,1,1,0,0,0.867,0.133
20231021_174255_jpg.rf.44199a239253ff584b78370f5c598198.jpg,original,1,1,0,0,0.867,0.133
20231021_174403_jpg.rf.780f8d9720ddb4cfedfec37a6b9ac4f4_aug0_noise+defocus_blur.jpg,noise+defocus_blur,1,1,0,0,0.867,0.133
20231021_174528_jpg.rf.50e02b21b3bf5cb7267d3f11fa3df9bc.jpg,original,1,1,0,0,0.867,0.133
IMG_0377_JPG_jpg.rf.6bb6cb88398c0afc114fb8b9b873fef3.jpg,original,1,1,0,0,0.867,0.133
c_mallet_256_JPG_jpg.rf.8bef8dc7c743d12321bc37a0911b07dc_aug0_contrast+motion_blur.jpg,contrast+motion_blur,1,1,0,0,0.867,0.133
c_mallet_476_JPG_jpg.rf.70ba8e8294b8f489525bd13d5738e007_aug0_gamma.jpg,gamma,1,1,0,0,0.867,0.133
mallet1004_jpeg_jpg.rf.683ce1e8cdc16d7c4b812d05f217fd56.jpg,original,1,1,0,0,0.867,0.133
t_bot_mal139_jpeg_jpg.rf.d9eb2530f8fcb12effbb242060506131_aug0_gamma.jpg,gamma,1,1,0,0,0.867,0.133
t_bot_mal228_jpeg_jpg.rf.a1c2ed6bb1c3adbe5ede92ac49f8034a_aug0_defocus_blur+gamma.jpg,defocus_blur+gamma,1,1,0,0,0.867,0.133
t_bot_mal56_jpeg_jpg.rf.45fe85d5fb7f66e9cffd1b7196bcaab3_aug0_motion_blur.jpg,motion_blur,1,1,0,0,0.867,0.133
t_bot_mal693_jpeg_jpg.rf.f0212538b819a1b80de98a05557c63a4.jpg,original,1,1,0,0,0.867,0.133
y2mate_com-The-Worlds-Best-Water-Bottle-Nalgene-Wide-Mouth-32-Oz_1080p_mp4-19_jpg.rf.3ed867452ae1e0c6b432232185862273_aug0_grayscale+noise.jpg,grayscale+noise,1,1,0,0,0.867,0.133
20231021_173842_jpg.rf.3cdee480cb5f4ec26ff4321397cc022e.jpg,original,1,1,0,0,0.868,0.132
20231021_173849_jpg.rf.14979d2d62e0239644357779c995fdd7.jpg,original,1,1,0,0,0.868,0.132
20231021_173849_jpg.rf.14979d2d62e0239644357779c995fdd7_aug0_noise.jpg,noise,1,1,0,0,0.868,0.132
c_mallet_1060_JPG_jpg.rf.01782524005c66b700df7dfd37a0a385.jpg,original,1,1,0,0,0.868,0.132
nalgene-32oz-ffo-nalgene-bottle-2-colors-copy_jpeg_jpg.rf.ae7d6c685d6fed4f482db2ed460d5aca_aug0_noise+contrast.jpg,noise+contrast,1,1,0,0,0.868,0.132
t_bot_mal498_jpeg_jpg.rf.74825848063407d26725e8d7b441ec99_aug0_gamma.jpg,gamma,1,1,0,0,0.868,0.132
t_bot_mal576_jpeg_jpg.rf.8a02a72b7c528b4dc9f8b783afcf0cad.jpg,original,1,1,0,0,0.868,0.132
c_mallet_1028_JPG_jpg.rf.35c5e68a1d53d8f71077dfa97f18b26e_aug0_contrast.jpg,contrast,1,1,0,0,0.869,0.131
green_nalgene_vid_mp4-2_jpg.rf.19d57f48e61e763dc064cf8f03576701.jpg,original,1,1,0,0,0.869,0.131
t_bot_mal411_jpeg_jpg.rf.525f31a74c845d476d0a43d80abdc180.jpg,original,1,1,0,0,0.869,0.131
t_bot_mal487_jpeg_jpg.rf.00edafb32e20ccae7f69207e72b647b8_aug0_grayscale+motion_blur.jpg,grayscale+motion_blur,1,1,0,0,0.869,0.131
y2mate_com-The-Worlds-Best-Water-Bottle-Nalgene-Wide-Mouth-32-Oz_1080p_mp4-216_jpg.rf.6ddcbc37c36a634525a5241cb2022d22_aug0_defocus_blur+noise.jpg,defocus_blur+noise,1,1,0,0,0.869,0.131
20231021_173535_jpg.rf.753e662fa9ed4d99d33ac3eeb0b3e9de.jpg,original,1,1,0,0,0.87,0.13
20231021_173743_jpg.rf.7f6ac5f73ac2eb4beec87d8faf280408.jpg,original,1,1,0,0,0.87,0.13
20231021_174242_jpg.rf.de7304666aaf4ba3fb6f654c95fb228d.jpg,original,1,1,0,0,0.87,0.13
20231021_174825_jpg.rf.82010e09df294f2b165fcf707667c72d.jpg,original,1,1,0,0,0.87,0.13
20231021_173925_jpg.rf.4bbbb2f67a7a3258f93fd63de942f8b7.jpg,original,1,1,0,0,0.871,0.129
21_jpg.rf.b84c10c56728a12bb8fd3807d3ad9705.jpg,original,1,1,0,0,0.871,0.129
IMG_0381_JPG_jpg.rf.072736fa7c0f46e9ee5c5699ea2812c4_aug0_defocus_blur+noise.jpg,defocus_blur+noise,1,1,0,0,0.871,0.129
c_mallet_234_JPG_jpg.rf.fe580b46c4177ac722faa702d4894e1d_aug0_gamma+noise.jpg,gamma+noise,1,1,0,0,0.871,0.129
c_mallet_440_JPG_jpg.rf.14c64e669f24591c2359cd87f053bab8_aug0_motion_blur+gamma.jpg,motion_blur+gamma,1,1,0,0,0.871,0.129
mallet261_jpeg_jpg.rf.e9e4c2f9039140b61d3407c43d4ebfa0.jpg,original,1,1,0,0,0.871,0.129
t_bot_mal616_jpeg_jpg.rf.7c2bf34ef685e05b47ebdbaac14fe209_aug0_grayscale.jpg,grayscale,1,1,0,0,0.871,0.129
t_bot_mal681_jpeg_jpg.rf.1398b85602bb2896ebd9e1fa72ae6267.jpg,original,1,1,0,0,0.871,0.129
y2mate_com-The-Worlds-Best-Water-Bottle-Nalgene-Wide-Mouth-32-Oz_1080p_mp4-237_jpg.rf.dc032d66e1e464d887daaaac9c3e5471.jpg,original,1,1,0,0,0.871,0.129
20231021_173925_jpg.rf.4bbbb2f67a7a3258f93fd63de942f8b7_aug0_gamma.jpg,gamma,1,1,0,0,0.872,0.128
IMG_0392_JPG_jpg.rf.83a890a0b4f41cbaa06b05a67591e695_aug0_grayscale+defocus_blur.jpg,grayscale+defocus_blur,1,1,0,0,0.872,0.128
July21_strovtag-e1654636036472_jpg.rf.b286f3ed74b6c51686009d6214778eb2.jpg,original,1,1,0,0,0.872,0.128
y2mate_com-The-Worlds-Best-Water-Bottle-Nalgene-Wide-Mouth-32-Oz_1080p_mp4-194_jpg.rf.b07552b389e2f494819d078e205c234f.jpg,original,1,1,0,0,0.872,0.128
20231021_173432_jpg.rf.38c280004d09cd2961c6fc70088ae183.jpg,original,1,1,0,0,0.873,0.127
20231021_173907_jpg.rf.4487ddf54320c290ccbc7a9c30e066f3_aug0_noise.jpg,noise,1,1,0,0,0.873,0.127
20231021_175002_jpg.rf.79f43905dba8a13a5a925a4c8737fb2d.jpg,original,1,1,0,0,0.873,0.127
20231021_175755_jpg.rf.2a6b743b523e2a2f6fc40cba2811a955_aug0_defocus_blur+motion_blur.jpg,defocus_blur+motion_blur,1,1,0,0,0.873,0.127
IMG_0262_JPG_jpg.rf.e12f7cf6dec234c477e9adf1e37eaba6.jpg,original,1,1,0,0,0.873,0.127
IMG_0285_JPG_jpg.rf.db6286d68d47d481d3c73954a0d74e30_aug0_defocus_blur.jpg,defocus_blur,1,1,0,0,0.873,0.127
c_mallet_1028_JPG_jpg.rf.35c5e68a1d53d8f71077dfa97f18b26e.jpg,original,1,1,0,0,0.873,0.127
c_mallet_1243_JPG_jpg.rf.90d052e40075f522a24106d678ac4bc0_aug0_motion_blur+defocus_blur.jpg,motion_blur+defocus_blur,1,1,0,0,0.873,0.127
first-lite-32oz-tritan-nalgene-water-bottle_color_hunters-orange-copy-3_jpeg_jpg.rf.e2702aa02b1e0d9b0db92bedd99366d7_aug0_motion_blur+noise.jpg,motion_blur+noise,1,1,0,0,0.873,0.127
mallet487_jpeg_jpg.rf.96d9b7d9f1761c77fbbcc64345890e21.jpg,original,1,1,0,0,0.873,0.127
nalgene-32oz-ffo-nalgene-bottle-2-colors_jpeg_jpg.rf.ee06439d25fc0cf3795e0b504ebbdee0_aug0_noise.jpg,noise,1,1,0,0,0.873,0.127
190_jpg.rf.d6690dc35fd68193d99a4c8257026a60_aug0_grayscale+defocus_blur.jpg,grayscale+defocus_blur,1,1,0,0,0.874,0.126
20231021_173848_jpg.rf.72b3664d4ed590c474805eb58d44c09e_aug0_gamma+motion_blur.jpg,gamma+motion_blur,1,1,0,0,0.874,0.126
32_jpg.rf.20ca172ac692f861dcf9c94624351dc0.jpg,original,1,1,0,0,0.874,0.126
IMG_0140_JPG_jpg.rf.0df86e764969e18cfb979134c2754079_aug0_gamma.jpg,gamma,1,1,0,0,0.874,0.126
Untitled-drawing_jpg.rf.d15aba505217a226c4ff26d99bc3d603_aug0_noise+defocus_blur.jpg,noise+defocus_blur,1,1,0,0,0.874,0.126
mallet9_jpg.rf.bf2806a2dd580b73b54944b1d4033389.jpg,original,1,1,0,0,0.874,0.126
t_bot_mal438_jpeg_jpg.rf.d08d49be5b976dbe6fbc23831b129a34.jpg,original,1,1,0,0,0.874,0.126
znuio6gzn92dnwl6jmhj_png_jpg.rf.816f22e450ee89dbf25d5ba191582ba8_aug0_noise.jpg,noise,1,1,0,0,0.874,0.126
20231021_175051_jpg.rf.cb3a42d3e1072bec62b5ed244a04bbf5.jpg,original,1,1,0,0,0.875,0.125
mallet1661_jpeg_jpg.rf.e76a3c818516561a10fa7e1fed39a59c.jpg,original,1,1,0,0,0.875,0.125
t_bot_mal258_jpeg_jpg.rf.502ff08d9b6fec89916a40adf208bd32.jpg,original,1,1,0,0,0.875,0.125
y2mate_com-The-Worlds-Best-Water-Bottle-Nalgene-Wide-Mouth-32-Oz_1080p_mp4-194_jpg.rf.b07552b389e2f494819d078e205c234f_aug0_defocus_blur.jpg,defocus_blur,1,1,0,0,0.875,0.125
20231021_173432_jpg.rf.38c280004d09cd2961c6fc70088ae183_aug0_gamma.jpg,gamma,1,1,0,0,0.876,0.124
20231021_173801_jpg.rf.3654cef357af5fc18f5e181d252854d4_aug0_grayscale+defocus_blur.jpg,grayscale+defocus_blur,1,1,0,0,0.876,0.124
20231021_175245_jpg.rf.651b100daacecd0be5110884e91eff16.jpg,original,1,1,0,0,0.876,0.124
20231021_175245_jpg.rf.651b100daacecd0be5110884e91eff16_aug0_motion_blur.jpg,motion_blur,1,1,0,0,0.876,0.124
73_jpg.rf.09fbd2bba27de96e1feda839cc70fd32_aug0_contrast.jpg,contrast,1,1,0,0,0.876,0.124
mallet487_jpeg_jpg.rf.96d9b7d9f1761c77fbbcc64345890e21_aug0_gamma+contrast.jpg,gamma+contrast,1,1,0,0,0.876,0.124
t_bot_mal194_jpeg_jpg.rf.b2737c93cc4be013cf2ac282c66c5744.jpg,original,1,1,0,0,0.876,0.124
t_bot_mal446_jpeg_jpg.rf.cb380f029e372956a058daa8c536515c.jpg,original,1,1,0,0,0.876,0.124
y2mate_com-The-Worlds-Best-Water-Bottle-Nalgene-Wide-Mouth-32-Oz_1080p_mp4-170_jpg.rf.132a21e617fd3bd7c8031d9b882347c0.jpg,original,1,1,0,0,0.876,0.124
IMG_0129_JPG_jpg.rf.8ae5e8fe2344f159476a5ef144aed1e2.jpg,original,1,1,0,0,0.877,0.123
IMG_0172_JPG_jpg.rf.f4d267490930d65dc0375041ef1f3c49_aug0_contrast.jpg,contrast,1,1,0,0,0.877,0.123
t_bot_mal338_jpeg_jpg.rf.ec59485b051bca19d1fe67f5cd824c95_aug0_contrast.jpg,contrast,1,1,0,0,0.877,0.123
t_bot_mal52_jpeg_jpg.rf.75032894faac35442dfac4ecd9385ea4.jpg,original,1,1,0,0,0.877,0.123
y2mate_com-The-Worlds-Best-Water-Bottle-Nalgene-Wide-Mouth-32-Oz_1080p_mp4-130_jpg.rf.1cfc1aef17ae5b23cf21086d9ed5b5e3.jpg,original,1,1,0,0,0.877,0.123
160_jpg.rf.248e61fa570b84f85621bbbfa68ca2a1.jpg,original,1,1,0,0,0.878,0.122
20231021_174507_jpg.rf.0f494acffc4763a1531fc9cdb849ab9c.jpg,original,1,1,0,0,0.878,0.122
20231021_175755_jpg.rf.2a6b743b523e2a2f6fc40cba2811a955.jpg,original,1,1,0,0,0.878,0.122
IMG_0129_JPG_jpg.rf.8ae5e8fe2344f159476a5ef144aed1e2_aug0_gamma.jpg,gamma,1,1,0,0,0.878,0.122
nalgene-32oz-ffo-nalgene-bottle-2-colors-copy_jpeg_jpg.rf.ae7d6c685d6fed4f482db2ed460d5aca.jpg,original,1,1,0,0,0.878,0.122
t_bot_mal169_jpeg_jpg.rf.98ae4214cbb8a3b26b85ee7469369ef2.jpg,original,1,1,0,0,0.878,0.122
y2mate_com-The-Worlds-Best-Water-Bottle-Nalgene-Wide-Mouth-32-Oz_1080p_mp4-103_jpg.rf.27b168e1b21d1ca3f43cb4d5c7685192_aug0_gamma+motion_blur.jpg,gamma+motion_blur,1,1,0,0,0.878,0.122
y2mate_com-The-Worlds-Best-Water-Bottle-Nalgene-Wide-Mouth-32-Oz_1080p_mp4-74_jpg.rf.e9e41248de2742ced5385ec648dfb315.jpg,original,1,1,0,0,0.878,0.122
20231021_174259_jpg.rf.73513cedd2e21faa5b68b036ec8c0d0b.jpg,original,1,1,0,0,0.879,0.121
c_mallet_440_JPG_jpg.rf.14c64e669f24591c2359cd87f053bab8.jpg,original,1,1,0,0,0.879,0.121
t_bot_mal176_jpeg_jpg.rf.49bbd306abb1e55de4dddf5567259428.jpg,original,1,1,0,0,0.879,0.121
y2mate_com-The-Worlds-Best-Water-Bottle-Nalgene-Wide-Mouth-32-Oz_1080p_mp4-130_jpg.rf.1cfc1aef17ae5b23cf21086d9ed5b5e3_aug0_noise+motion_blur.jpg,noise+motion_blur,1,1,0,0,0.879,0.121
20231021_174259_jpg.rf.73513cedd2e21faa5b68b036ec8c0d0b_aug0_contrast.jpg,contrast,1,1,0,0,0.88,0.12
IMG_0298_JPG_jpg.rf.0465568f4a7ed1acce6b4b84dd33b75f_aug0_defocus_blur+grayscale.jpg,defocus_blur+grayscale,1,1,0,0,0.88,0.12
IMG_0318_JPG_jpg.rf.aace23c1251a6a6fef34177e7217144f_aug0_grayscale.jpg,grayscale,1,1,0,0,0.88,0.12
Screenshot-2024-05-28-at-10-02-56-AM_png_jpg.rf.07c20eafd1f567980db0ed417ad9acb7.jpg,original,1,1,0,0,0.88,0.12
mallet9_jpg.rf.bf2806a2dd580b73b54944b1d4033389_aug0_noise.jpg,noise,1,1,0,0,0.88,0.12
t_bot_mal230_jpeg_jpg.rf.6a603134f73a9544de6f10130c8a5da7.jpg,original,1,1,0,0,0.88,0.12
t_bot_mal25_jpeg_jpg.rf.181ad8dd2f2ba6e7eb4555895154b90d.jpg,original,1,1,0,0,0.88,0.12
160_jpg.rf.248e61fa570b84f85621bbbfa68ca2a1_aug0_contrast+gamma.jpg,contrast+gamma,1,1,0,0,0.881,0.119
IMG_0290_JPG_jpg.rf.4a7e6bf19d77ed967efd1bfd28297198.jpg,original,1,1,0,0,0.881,0.119
IMG_0363_JPG_jpg.rf.3913d556bae3b6225fb71ee0fca47088.jpg,original,1,1,0,0,0.881,0.119
IMG_0377_JPG_jpg.rf.6bb6cb88398c0afc114fb8b9b873fef3_aug0_grayscale+motion_blur.jpg,grayscale+motion_blur,1,1,0,0,0.881,0.119
IMG_4514_jpg.rf.98b2d1f932e1a0ef3c981d365d035ff5.jpg,original,1,1,0,0,0.881,0.119
Untitled-drawing-24_jpg.rf.ce8838a76c1e47bbed4a881146fc34d0_aug0_contrast+motion_blur.jpg,contrast+motion_blur,3,3,0,0,0.881,0.119
c_mallet_671_JPG_jpg.rf.f0869b7a6de2594fba83e61c5d08c72d_aug0_contrast+defocus_blur.jpg,contrast+defocus_blur,1,1,0,0,0.881,0.119
c_mallet_777_JPG_jpg.rf.c32f9bc9f7f79e76ba0a52c794fc8822.jpg,original,1,1,0,0,0.881,0.119
t_bot_mal132_jpeg_jpg.rf.150f29ac63b4263666568f2aa6128de7.jpg,original,1,1,0,0,0.881,0.119
t_bot_mal132_jpeg_jpg.rf.150f29ac63b4263666568f2aa6128de7_aug0_defocus_blur+gamma.jpg,defocus_blur+gamma,1,1,0,0,0.881,0.119
t_bot_mal416_jpeg_jpg.rf.7e31de2a095b677222cc91a0ccad5707.jpg,original,1,1,0,0,0.881,0.119
y2mate_com-The-Worlds-Best-Water-Bottle-Nalgene-Wide-Mouth-32-Oz_1080p_mp4-237_jpg.rf.dc032d66e1e464d887daaaac9c3e5471_aug0_motion_blur+contrast.jpg,motion_blur+contrast,1,1,0,0,0.881,0.119
115_jpg.rf.82b5e4bdfbc1beee7aab7d675c5ccac8_aug0_defocus_blur.jpg,defocus_blur,1,1,0,0,0.882,0.118
20231021_173806_jpg.rf.ee79c062f2f2e9115373811f83c81361.jpg,original,1,1,0,0,0.882,0.118
Screenshot-2024-05-28-at-10-02-56-AM_png_jpg.rf.07c20eafd1f567980db0ed417ad9acb7_aug0_gamma+defocus_blur.jpg,gamma+defocus_blur,1,1,0,0,0.882,0.118
c_mallet_244_JPG_jpg.rf.8d3063de56ad0f34c938002fb8898d30_aug0_contrast+defocus_blur.jpg,contrast+defocus_blur,1,1,0,0,0.882,0.118
first-lite-32oz-tritan-nalgene-water-bottle_color_hunters-orange-copy-3_jpeg_jpg.rf.e2702aa02b1e0d9b0db92bedd99366d7.jpg,original,1,1,0,0,0.882,0.118
162_jpg.rf.a266f41e04dda166368da7fd543cd8a0.jpg,original,1,1,0,0,0.883,0.117
162_jpg.rf.a266f41e04dda166368da7fd543cd8a0_aug0_gamma.jpg,gamma,1,1,0,0,0.883,0.117
IMG_0101_JPG_jpg.rf.9cadb6c3affa7c287c1aae3736c15dc7.jpg,original,1,1,0,0,0.883,0.117
IMG_0264_JPG_jpg.rf.a1d144628268e2c39835224b399a3845_aug0_noise.jpg,noise,1,1,0,0,0.883,0.117
IMG_0281_JPG_jpg.rf.2cbe77ff1d4edab5fe107b050d3ba2ae.jpg,original,1,1,0,0,0.883,0.117
c_mallet_19_JPG_jpg.rf.5d422553e6183819813a024ec96fa779_aug0_gamma.jpg,gamma,1,1,0,0,0.883,0.117
c_mallet_234_JPG_jpg.rf.fe580b46c4177ac722faa702d4894e1d.jpg,original,1,1,0,0,0.883,0.117
c_mallet_244_JPG_jpg.rf.8d3063de56ad0f34c938002fb8898d30.jpg,original,1,1,0,0,0.883,0.117
c_mallet_671_JPG_jpg.rf.f0869b7a6de2594fba83e61c5d08c72d.jpg,original,1,1,0,0,0.883,0.117
c_mallet_989_JPG_jpg.rf.d09e560b204446fc52ad0149f0ba7a74.jpg,original,1,1,0,0,0.883,0.117
t_bot_mal190_jpeg_jpg.rf.470ad47dbbbb84b9507e693f647c5a81.jpg,original,1,1,0,0,0.883,0.117
t_bot_mal228_jpeg_jpg.rf.a1c2ed6bb1c3adbe5ede92ac49f8034a.jpg,original,1,1,0,0,0.883,0.117
y2mate_com-The-Worlds-Best-Water-Bottle-Nalgene-Wide-Mouth-32-Oz_1080p_mp4-103_jpg.rf.27b168e1b21d1ca3f43cb4d5c7685192.jpg,original,1,1,0,0,0.883,0.117
18_jpg.rf.5876f37d106890bf427440ff4e796de0.jpg,original,1,1,0,0,0.884,0.116
20231021_173842_jpg.rf.3cdee480cb5f4ec26ff4321397cc022e_aug0_gamma+noise.jpg,gamma+noise,1,1,0,0,0.884,0.116
226_jpg.rf.c87943905b8bb81b9828c1b633c5101d.jpg,original,1,1,0,0,0.884,0.116
78_jpg.rf.4c2a0d8756552ea235f53f11776db2f3_aug0_motion_blur.jpg,motion_blur,1,1,0,0,0.884,0.116
green_nalgene_vid_mp4-95_jpg.rf.0b64aa1582d29cf7e3d9c3ef938312fe.jpg,original,1,1,0,0,0.884,0.116
t_bot_mal230_jpeg_jpg.rf.6a603134f73a9544de6f10130c8a5da7_aug0_gamma.jpg,gamma,1,1,0,0,0.884,0.116
t_bot_mal344_jpeg_jpg.rf.54b07a2f9fc049e135f8e7d902d2907f.jpg,original,1,1,0,0,0.884,0.116
t_bot_mal491_jpeg_jpg.rf.29f8d254fdafcad42b1b845a1747e290.jpg,original,1,1,0,0,0.884,0.116
20231021_173800_jpg.rf.72b5a939da90e78b4c7754e5204cd954_aug0_defocus_blur.jpg,defocus_blur,1,1,0,0,0.885,0.115
20231021_174643_jpg.rf.9455196cb9f5ffb367b8b509568cd3ba_aug0_defocus_blur+grayscale.jpg,defocus_blur+grayscale,1,1,0,0,0.885,0.115
20231021_174928_jpg.rf.090b3e3b72e7b085c214dce0ff845764_aug0_motion_blur.jpg,motion_blur,1,1,0,0,0.885,0.115
IMG_0153_JPG_jpg.rf.2bd8eba3363359af0f6e20c7c8b8c278_aug0_defocus_blur.jpg,defocus_blur,1,1,0,0,0.885,0.115
IMG_0304_JPG_jpg.rf.d26a8306ed4ed532d32f8fddd3428869.jpg,original,1,1,0,0,0.885,0.115
IMG_0432_JPG_jpg.rf.a0be0ce188e4e086c4e53dc399c85581.jpg,original,1,1,0,0,0.885,0.115
c_mallet_989_JPG_jpg.rf.d09e560b204446fc52ad0149f0ba7a74_aug0_noise.jpg,noise,1,1,0,0,0.885,0.115
t_bot_mal250_jpeg_jpg.rf.4a0a9ca2824ba92aa4d7925a87773e5d_aug0_grayscale+gamma.jpg,grayscale+gamma,1,1,0,0,0.885,0.115
t_bot_mal616_jpeg_jpg.rf.7c2bf34ef685e05b47ebdbaac14fe209.jpg,original,1,1,0,0,0.885,0.115
y2mate_com-The-Worlds-Best-Water-Bottle-Nalgene-Wide-Mouth-32-Oz_1080p_mp4-253_jpg.rf.0d806f8e6a8d2cae9870fb3035ae32c7.jpg,original,1,1,0,0,0.885,0.115
IMG_0284_JPG_jpg.rf.05c12d76da7b19eff4b67eb6907784e0.jpg,original,1,1,0,0,0.886,0.114
c_mallet_19_JPG_jpg.rf.5d422553e6183819813a024ec96fa779.jpg,original,1,1,0,0,0.886,0.114
c_mallet_443_JPG_jpg.rf.572c9403695082ae4a9e4df71aa814d0.jpg,original,1,1,0,0,0.886,0.114
mallet-video-Trim_mp4-39_jpg.rf.5a8e0b04356b4e3b15af8b419edcf6a1_aug0_contrast+noise.jpg,contrast+noise,1,1,0,0,0.886,0.114
t_bot_mal52_jpeg_jpg.rf.75032894faac35442dfac4ecd9385ea4_aug0_noise.jpg,noise,1,1,0,0,0.886,0.114
20231021_173958_jpg.rf.053f55ec0aeab7166f55042d71a79a3c_aug0_defocus_blur.jpg,defocus_blur,1,1,0,0,0.887,0.113
20231021_174248_jpg.rf.3d77974d3312251ff0fce2f785bfb48e.jpg,original,1,1,0,0,0.887,0.113
20231021_174816_jpg.rf.78ddef0c6f42b2faa0ca365a7574fef1_aug0_defocus_blur+gamma.jpg,defocus_blur+gamma,1,1,0,0,0.887,0.113
IMG_0317_JPG_jpg.rf.b9b811336fafe426ae3a782bbf72d0d5.jpg,original,1,1,0,0,0.887,0.113
Untitled-drawing_jpg.rf.d15aba505217a226c4ff26d99bc3d603.jpg,original,1,1,0,0,0.887,0.113
20231021_172740_jpg.rf.f1639b13dbd357fe51dcc825cf542ed0.jpg,original,1,1,0,0,0.888,0.112
20231021_172740_jpg.rf.f1639b13dbd357fe51dcc825cf542ed0_aug0_contrast.jpg,contrast,1,1,0,0,0.888,0.112
20231021_173857_jpg.rf.16a0ed94b904e5dfb3fdaa8e11b446eb_aug0_defocus_blur.jpg,defocus_blur,1,1,0,0,0.888,0.112
20231021_173907_jpg.rf.4487ddf54320c290ccbc7a9c30e066f3.jpg,original,1,1,0,0,0.888,0.112
20231021_174400_jpg.rf.e2291db61ddc2b12fa34b2da25915d12_aug0_contrast+motion_blur.jpg,contrast+motion_blur,1,1,0,0,0.888,0.112
IMG_1055-scaled-copy-2_jpg.rf.224e11a2f6816dcacb0f1bf31df1e938_aug0_grayscale+noise.jpg,grayscale+noise,2,2,0,0,0.888,0.112
bottle072-bowdoin-mocha_1400x-copy_jpg.rf.da2982641513fbafd1ddf215ed32b7ed.jpg,original,1,1,0,0,0.888,0.112
mallet-video-Trim_mp4-87_jpg.rf.0f2ed1ee2e9db689422d72293fb0f732.jpg,original,1,1,0,0,0.888,0.112
t_bot_mal130_jpeg_jpg.rf.66f9c8bfc493c40f1b9a1db302fc2c96_aug0_grayscale.jpg,grayscale,1,1,0,0,0.888,0.112
t_bot_mal212_jpeg_jpg.rf.7a9e8c97899e01e2dce267d7543a9073.jpg,original,1,1,0,0,0.888,0.112
20231021_173119_jpg.rf.c96d6b03e6e0c0e3474ca3d01094510d_aug0_motion_blur+noise.jpg,motion_blur+noise,1,1,0,0,0.889,0.111
20231021_173958_jpg.rf.053f55ec0aeab7166f55042d71a79a3c.jpg,original,1,1,0,0,0.889,0.111
IMG_0461_JPG_jpg.rf.ec0477141045ef6582350fb568755528.jpg,original,1,1,0,0,0.889,0.111
NalgeneLogo_cfce4bad-8c19-4d43-807f-45e89a29b57f-copy-3_jpg.rf.5e0e852f3d9231123fe645625bd7ad93_aug0_defocus_blur.jpg,defocus_blur,1,1,0,0,0.889,0.111
t_bot_mal286_jpeg_jpg.rf.bb0f6c2056f5e29f5c1dfc413231b86b.jpg,original,1,1,0,0,0.889,0.111
115_jpg.rf.82b5e4bdfbc1beee7aab7d675c5ccac8.jpg,original,1,1,0,0,0.89,0.11
20231021_174928_jpg.rf.090b3e3b72e7b085c214dce0ff845764.jpg,original,1,1,0,0,0.89,0.11
IMG_0159_JPG_jpg.rf.a90d0c69e794d6769bc9f61c81dd98fb.jpg,original,1,1,0,0,0.89,0.11
nalgene-2023-blue-on-blue-copy_jpeg_jpg.rf.b5b87a5e4138aab0327f4ffcf40c47ea_aug0_grayscale+defocus_blur.jpg,grayscale+defocus_blur,1,1,0,0,0.89,0.11
t_bot_mal712_jpeg_jpg.rf.1ef77756c3715c0af5ec77af064fbd09_aug0_noise.jpg,noise,1,1,0,0,0.89,0.11
102_jpg.rf.b041de1266820fe72957e23561c11f4a.jpg,original,1,1,0,0,0.891,0.109
20231021_173723_jpg.rf.88f5898dd640d80d22562f3993982d3e.jpg,original,1,1,0,0,0.891,0.109
20231021_173723_jpg.rf.88f5898dd640d80d22562f3993982d3e_aug0_contrast.jpg,contrast,1,1,0,0,0.891,0.109
20231021_174924_jpg.rf.b715f395d101b7e7b4e50b8970887a3a_aug0_gamma.jpg,gamma,1,1,0,0,0.891,0.109
73_jpg.rf.09fbd2bba27de96e1feda839cc70fd32.jpg,original,1,1,0,0,0.891,0.109
IMG_0171_JPG_jpg.rf.1863fc5a51b15fb2431a2464cb4a95bf.jpg,original,1,1,0,0,0.891,0.109
IMG_0363_JPG_jpg.rf.3913d556bae3b6225fb71ee0fca47088_aug0_noise+contrast.jpg,noise+contrast,1,1,0,0,0.891,0.109
Screenshot-2024-05-28-at-10-03-25-AM-copy-3_png_jpg.rf.52ebe84042231c1e67cc876dfe95e8ae.jpg,original,1,1,0,0,0.891,0.109
mallet1661_jpeg_jpg.rf.e76a3c818516561a10fa7e1fed39a59c_aug0_noise+defocus_blur.jpg,noise+defocus_blur,1,1,0,0,0.891,0.109
nalgene-32oz-ffo-nalgene-bottle-2-colors_jpeg_jpg.rf.ee06439d25fc0cf3795e0b504ebbdee0.jpg,original,1,1,0,0,0.891,0.109
190_jpg.rf.d6690dc35fd68193d99a4c8257026a60.jpg,original,1,1,0,0,0.892,0.108
20231021_173740_jpg.rf.127ca76260d30341a281cdc1bf991398.jpg,original,1,1,0,0,0.892,0.108
IMG_0290_JPG_jpg.rf.4a7e6bf19d77ed967efd1bfd28297198_aug0_defocus_blur.jpg,defocus_blur,1,1,0,0,0.892,0.108
IMG_0419_JPG_jpg.rf.0ad87de105043dbec38cf5e4f8bb3094.jpg,original,1,1,0,0,0.892,0.108
t_bot_mal257_jpeg_jpg.rf.292237ec3d478484ff9b3e513d0832ee.jpg,original,1,1,0,0,0.892,0.108
t_bot_mal338_jpeg_jpg.rf.ec59485b051bca19d1fe67f5cd824c95.jpg,original,1,1,0,0,0.892,0.108
t_bot_mal437_jpeg_jpg.rf.e39b99324b344c8b2fc9ea778c7933ae.jpg,original,1,1,0,0,0.892,0.108
1literwidemouthwaterbottle203_jpeg_jpg.rf.3c56a73b86701d14317e8025f207d667.jpg,original,1,1,0,0,0.893,0.107
20231021_174400_jpg.rf.e2291db61ddc2b12fa34b2da25915d12.jpg,original,1,1,0,0,0.893,0.107
IMG_0258_JPG_jpg.rf.6c9eefd1f2bc98bbf608ceff99130ec0.jpg,original,1,1,0,0,0.893,0.107
IMG_0423_JPG_jpg.rf.a3d73dcd02ec298df36819b1274c9425.jpg,original,1,1,0,0,0.893,0.107
mallet-video-Trim_mp4-87_jpg.rf.0f2ed1ee2e9db689422d72293fb0f732_aug0_defocus_blur+gamma.jpg,defocus_blur+gamma,1,1,0,0,0.893,0.107
mallet982_jpeg_jpg.rf.7ab98909ce40c8982b1a1faca33124c8.jpg,original,1,1,0,0,0.893,0.107
y2mate_com-The-Worlds-Best-Water-Bottle-Nalgene-Wide-Mouth-32-Oz_1080p_mp4-211_jpg.rf.0d0ec696593c816d3ab28743cfa867a8.jpg,original,1,1,0,0,0.893,0.107
y2mate_com-The-Worlds-Best-Water-Bottle-Nalgene-Wide-Mouth-32-Oz_1080p_mp4-216_jpg.rf.6ddcbc37c36a634525a5241cb2022d22.jpg,original,1,1,0,0,0.893,0.107
y2mate_com-The-Worlds-Best-Water-Bottle-Nalgene-Wide-Mouth-32-Oz_1080p_mp4-253_jpg.rf.0d806f8e6a8d2cae9870fb3035ae32c7_aug0_motion_blur+noise.jpg,motion_blur+noise,1,1,0,0,0.893,0.107
20231021_173740_jpg.rf.127ca76260d30341a281cdc1bf991398_aug0_defocus_blur.jpg,defocus_blur,1,1,0,0,0.894,0.106
20231021_174816_jpg.rf.78ddef0c6f42b2faa0ca365a7574fef1.jpg,original,1,1,0,0,0.894,0.106
4fd1127a-58cf-4b5b-8462-6b7689946b3e-901d81fd4542537380da8cb35318f1d7-copy_jpeg_jpg.rf.38da41a0dd2845902d7f6da736bad628_aug0_contrast+defocus_blur.jpg,contrast+defocus_blur,1,1,0,0,0.894,0.106
IMG_0172_JPG_jpg.rf.f4d267490930d65dc0375041ef1f3c49.jpg,original,1,1,0,0,0.894,0.106
Untitled-drawing-12_jpg.rf.494ecd0c63857fe602291fbb9493bef9_aug0_gamma+contrast.jpg,gamma+contrast,1,1,0,0,0.894,0.106
t_bot_mal193_jpeg_jpg.rf.ad5c23d993c3e60bdf971c105c54c713.jpg,original,1,1,0,0,0.894,0.106
t_bot_mal344_jpeg_jpg.rf.54b07a2f9fc049e135f8e7d902d2907f_aug0_grayscale+gamma.jpg,grayscale+gamma,1,1,0,0,0.894,0.106
t_bot_mal463_jpeg_jpg.rf.2336798036ac98e95391f3ac5d0d4f07.jpg,original,1,1,0,0,0.894,0.106
t_bot_mal485_jpeg_jpg.rf.4b661010bf1e4b02768fa368ad970540_aug0_defocus_blur.jpg,defocus_blur,1,1,0,0,0.894,0.106
t_bot_mal491_jpeg_jpg.rf.29f8d254fdafcad42b1b845a1747e290_aug0_defocus_blur+grayscale.jpg,defocus_blur+grayscale,1,1,0,0,0.894,0.106
20231021_173119_jpg.rf.c96d6b03e6e0c0e3474ca3d01094510d.jpg,original,1,1,0,0,0.895,0.105
48-oz-gohunt-wide-mouth-nalgene_1200x-copy_jpg.rf.27b5c270b0494961bce551e5c32a4a09.jpg,original,1,1,0,0,0.895,0.105
IMG_0206_JPG_jpg.rf.1a1bad27e21650c1d1370dd249becbd8.jpg,original,1,1,0,0,0.895,0.105
IMG_0264_JPG_jpg.rf.a1d144628268e2c39835224b399a3845.jpg,original,1,1,0,0,0.895,0.105
IMG_0380_JPG_jpg.rf.5d1ce874fcf8aa55229498c28da0b7fb_aug0_motion_blur+contrast.jpg,motion_blur+contrast,1,1,0,0,0.895,0.105
green_nalgene_vid_mp4-179_jpg.rf.a0bc0726503617eb0f4e0c607eabe5a3.jpg,original,1,1,0,0,0.895,0.105
t_bot_mal403_jpeg_jpg.rf.f1ee91fc416e57019ba0b4a15c03741c.jpg,original,1,1,0,0,0.895,0.105
20231021_174924_jpg.rf.b715f395d101b7e7b4e50b8970887a3a.jpg,original,1,1,0,0,0.896,0.104
IMG_0141_JPG_jpg.rf.39d581d075aecdfa1595958bf11ef185.jpg,original,1,1,0,0,0.896,0.104
IMG_0179_JPG_jpg.rf.bce40e382c288cd19a7e543a656215b0_aug0_motion_blur+grayscale.jpg,motion_blur+grayscale,1,1,0,0,0.896,0.104
IMG_0284_JPG_jpg.rf.05c12d76da7b19eff4b67eb6907784e0_aug0_noise.jpg,noise,1,1,0,0,0.896,0.104
green_nalgene_vid_mp4-95_jpg.rf.0b64aa1582d29cf7e3d9c3ef938312fe_aug0_noise+contrast.jpg,noise+contrast,1,1,0,0,0.896,0.104
mallet-video-Trim_mp4-25_jpg.rf.fe5656dc53d8bfa8a51b005bd109c4ba.jpg,original,1,1,0,0,0.896,0.104
t_bot_mal332_jpeg_jpg.rf.db70dd0933a98c51da76d6feb618b206_aug0_motion_blur+gamma.jpg,motion_blur+gamma,1,1,0,0,0.896,0.104
t_bot_mal712_jpeg_jpg.rf.1ef77756c3715c0af5ec77af064fbd09.jpg,original,1,1,0,0,0.896,0.104
y2mate_com-The-Worlds-Best-Water-Bottle-Nalgene-Wide-Mouth-32-Oz_1080p_mp4-16_jpg.rf.859a2692825968496946e542e4f6fdbc_aug0_noise.jpg,noise,1,1,0,0,0.896,0.104
01_THEWATERBOTTLE-copy_jpg.rf.44a35b7bcf3af142ed59c221621d6faf.jpg,original,1,1,0,0,0.897,0.103
20231021_173844_jpg.rf.0490ca9ae9b239b421b08d3e67ec6450.jpg,original,1,1,0,0,0.897,0.103
20231021_174913_jpg.rf.ebc29c41cc11ba94192532fb04c8e984.jpg,original,1,1,0,0,0.897,0.103
IMG_0432_JPG_jpg.rf.a0be0ce188e4e086c4e53dc399c85581_aug0_noise+contrast.jpg,noise+contrast,1,1,0,0,0.897,0.103
t_bot_mal447_jpeg_jpg.rf.71e0396524f4629290a9ed9daaeb831a.jpg,original,1,1,0,0,0.897,0.103
t_bot_mal839_jpeg_jpg.rf.93602eb6cb4f504ef1dad34696bc5d7d.jpg,original,1,1,0,0,0.897,0.103
102_jpg.rf.b041de1266820fe72957e23561c11f4a_aug0_gamma.jpg,gamma,1,1,0,0,0.898,0.102
23_jpg.rf.a778a84fb43dd289c2b84e80bdf47179.jpg,original,1,1,0,0,0.898,0.102
4fd1127a-58cf-4b5b-8462-6b7689946b3e-901d81fd4542537380da8cb35318f1d7-copy_jpeg_jpg.rf.38da41a0dd2845902d7f6da736bad628.jpg,original,1,1,0,0,0.898,0.102
IMG_0183_JPG_jpg.rf.f40690b5cbfecd21794d8f2b9ddc705e.jpg,original,1,1,0,0,0.898,0.102
IMG_0305_JPG_jpg.rf.565837a8ab9dfe8f73912ba16a4fa315_aug0_noise+motion_blur.jpg,noise+motion_blur,1,1,0,0,0.898,0.102
IMG_4532_jpg.rf.cf83d9851945cc30be42e073e49122cf_aug0_motion_blur.jpg,motion_blur,1,1,0,0,0.898,0.102
mallet982_jpeg_jpg.rf.7ab98909ce40c8982b1a1faca33124c8_aug0_gamma.jpg,gamma,1,1,0,0,0.898,0.102
t_bot_mal21_jpeg_jpg.rf.16d43ebc4e16da3d5467c486f57efb78_aug0_defocus_blur+gamma.jpg,defocus_blur+gamma,1,1,0,0,0.898,0.102
20231021_173843_jpg.rf.e5399c11645afc0073cc0d696d3ef1e2.jpg,original,1,1,0,0,0.899,0.101
20231021_173857_jpg.rf.16a0ed94b904e5dfb3fdaa8e11b446eb.jpg,original,1,1,0,0,0.899,0.101
IMG_0206_JPG_jpg.rf.1a1bad27e21650c1d1370dd249becbd8_aug0_gamma.jpg,gamma,1,1,0,0,0.899,0.101
IMG_0275_JPG_jpg.rf.205c382c4c13f44cd5c157f8b4026056_aug0_noise.jpg,noise,1,1,0,0,0.899,0.101
IMG_0423_JPG_jpg.rf.a3d73dcd02ec298df36819b1274c9425_aug0_noise.jpg,noise,1,1,0,0,0.899,0.101
Untitled-drawing-24_jpg.rf.ce8838a76c1e47bbed4a881146fc34d0.jpg,original,3,3,0,0,0.899,0.101
c_mallet_1243_JPG_jpg.rf.90d052e40075f522a24106d678ac4bc0.jpg,original,1,1,0,0,0.899,0.101
t_bot_mal839_jpeg_jpg.rf.93602eb6cb4f504ef1dad34696bc5d7d_aug0_gamma.jpg,gamma,1,1,0,0,0.899,0.101
1literwidemouthwaterbottle40_jpeg_jpg.rf.d96f3b06279f07781bfb232a8e1c34b4_aug0_gamma+noise.jpg,gamma+noise,1,1,0,0,0.9,0.1
DSC01457_700x700-copy_jpg.rf.0db9dbbb54c51664cadfecb03d9a241f.jpg,original,1,1,0,0,0.9,0.1
IMG_0125_JPG_jpg.rf.755e19607c31e609f74708d7832a127c.jpg,original,1,1,0,0,0.9,0.1
IMG_0334_JPG_jpg.rf.0d8b7261198883b3e1fa2f99cbbc3df4.jpg,original,1,1,0,0,0.9,0.1
IMG_0381_JPG_jpg.rf.072736fa7c0f46e9ee5c5699ea2812c4.jpg,original,1,1,0,0,0.9,0.1
IMG_0398_JPG_jpg.rf.cac69201d90f583005809aa4347fc8ad_aug0_grayscale+gamma.jpg,grayscale+gamma,1,1,0,0,0.9,0.1
NalgeneLogo_cfce4bad-8c19-4d43-807f-45e89a29b57f-copy-3_jpg.rf.5e0e852f3d9231123fe645625bd7ad93.jpg,original,1,1,0,0,0.9,0.1
t_bot_mal405_jpeg_jpg.rf.7e74b005b992af398ed3cb1e303ed288.jpg,original,1,1,0,0,0.9,0.1
IMG_0153_JPG_jpg.rf.2bd8eba3363359af0f6e20c7c8b8c278.jpg,original,1,1,0,0,0.901,0.099
IMG_0285_JPG_jpg.rf.db6286d68d47d481d3c73954a0d74e30.jpg,original,1,1,0,0,0.901,0.099
IMG_0318_JPG_jpg.rf.aace23c1251a6a6fef34177e7217144f.jpg,original,1,1,0,0,0.901,0.099
IMG_0334_JPG_jpg.rf.0d8b7261198883b3e1fa2f99cbbc3df4_aug0_grayscale.jpg,grayscale,1,1,0,0,0.901,0.099
t_bot_mal190_jpeg_jpg.rf.470ad47dbbbb84b9507e693f647c5a81_aug0_motion_blur.jpg,motion_blur,1,1,0,0,0.901,0.099
t_bot_mal394_jpeg_jpg.rf.712ea32fd145f28e6fcb8ae75404b974_aug0_motion_blur.jpg,motion_blur,1,1,0,0,0.901,0.099
18_jpg.rf.5876f37d106890bf427440ff4e796de0_aug0_defocus_blur+gamma.jpg,defocus_blur+gamma,1,1,0,0,0.902,0.098
1literwidemouthwaterbottle203_jpeg_jpg.rf.3c56a73b86701d14317e8025f207d667_aug0_defocus_blur.jpg,defocus_blur,1,1,0,0,0.902,0.098
20231021_175116_jpg.rf.3f3adbca97c5b7cde78fb1997261a560.jpg,original,1,1,0,0,0.902,0.098
32oz-WM-HDPE-Front-No-USA-copy-2_jpg.rf.885f5beee4e64dd36841fe4c7d62b080.jpg,original,1,1,0,0,0.902,0.098
IMG_0298_JPG_jpg.rf.0465568f4a7ed1acce6b4b84dd33b75f.jpg,original,1,1,0,0,0.902,0.098
IMG_0310_JPG_jpg.rf.88e2f557ce1f3750087ea15f831e0ac0_aug0_defocus_blur+gamma.jpg,defocus_blur+gamma,1,1,0,0,0.902,0.098
RAEN-Nalgene-Bottle-Glow-In-The-Dark-copy-3_jpeg_jpg.rf.d0fe72adc0037a5a568d122d5c9f5c43.jpg,original,1,1,0,0,0.902,0.098
RAEN-Nalgene-Bottle-Glow-In-The-Dark-copy-3_jpeg_jpg.rf.d0fe72adc0037a5a568d122d5c9f5c43_aug0_motion_blur.jpg,motion_blur,1,1,0,0,0.902,0.098
t_bot_mal468_jpeg_jpg.rf.3555ebc87d11bea2a020b5c18e45ef80.jpg,original,1,1,0,0,0.902,0.098
IMG_0275_JPG_jpg.rf.205c382c4c13f44cd5c157f8b4026056.jpg,original,1,1,0,0,0.903,0.097
IMG_0315_JPG_jpg.rf.e91ff78cf009204779f025c90e700b6d.jpg,original,1,1,0,0,0.903,0.097
IMG_0455_JPG_jpg.rf.33cf0dc5f59564e8e965e9e535fe4e04_aug0_grayscale+noise.jpg,grayscale+noise,1,1,0,0,0.903,0.097
t_bot_mal726_jpeg_jpg.rf.5e75f8e240136fadadc323ffd30a32b2_aug0_contrast+noise.jpg,contrast+noise,1,1,0,0,0.903,0.097
y2mate_com-The-Worlds-Best-Water-Bottle-Nalgene-Wide-Mouth-32-Oz_1080p_mp4-173_jpg.rf.20e15e713fba6b763dc278630ca4e142_aug0_motion_blur.jpg,motion_blur,1,1,0,0,0.903,0.097
284_jpg.rf.509df1d7d1972324b6c4669483def82c.jpg,original,1,1,0,0,0.904,0.096
8dc15a93-e841-4b0f-9496-3280437da459-228d16a539fdbb245f743bae84820c33-copy-2_jpeg_jpg.rf.90177d0504796a061293acbe6efc5fa6_aug0_motion_blur.jpg,motion_blur,1,1,0,0,0.904,0.096
mallet486_jpeg_jpg.rf.ea19a80f5df24d3ef2d23b5aff550aa2_aug0_noise.jpg,noise,1,1,0,0,0.904,0.096
y2mate_com-The-Worlds-Best-Water-Bottle-Nalgene-Wide-Mouth-32-Oz_1080p_mp4-16_jpg.rf.859a2692825968496946e542e4f6fdbc.jpg,original,1,1,0,0,0.904,0.096
23_jpg.rf.a778a84fb43dd289c2b84e80bdf47179_aug0_contrast.jpg,contrast,1,1,0,0,0.905,0.095
Untitled-drawing-12_jpg.rf.494ecd0c63857fe602291fbb9493bef9.jpg,original,1,1,0,0,0.905,0.095
t_bot_mal485_jpeg_jpg.rf.4b661010bf1e4b02768fa368ad970540.jpg,original,1,1,0,0,0.905,0.095
01_THEWATERBOTTLE-copy_jpg.rf.44a35b7bcf3af142ed59c221621d6faf_aug0_contrast+defocus_blur.jpg,contrast+defocus_blur,1,1,0,0,0.906,0.094
1literwidemouthwaterbottle180_jpeg_jpg.rf.316f3c1de4a4a39df58704f8a21fb2bb_aug0_contrast+defocus_blur.jpg,contrast+defocus_blur,1,1,0,0,0.906,0.094
IMG_0184_JPG_jpg.rf.8736ef246272a5e41a68168b61cebf2f_aug0_grayscale.jpg,grayscale,1,1,0,0,0.906,0.094
IMG_0258_JPG_jpg.rf.6c9eefd1f2bc98bbf608ceff99130ec0_aug0_noise.jpg,noise,1,1,0,0,0.906,0.094
mallet1471_jpeg_jpg.rf.20c0cfb326b8178805db28d839597719.jpg,original,1,1,0,0,0.906,0.094
t_bot_mal283_jpeg_jpg.rf.f470b377e95dfe3a1b03509676759eb9.jpg,original,1,1,0,0,0.906,0.094
t_bot_mal305_jpeg_jpg.rf.0ff312dad8c634d574ad903fe3d7b641_aug0_noise+motion_blur.jpg,noise+motion_blur,1,1,0,0,0.906,0.094
20231021_174729_jpg.rf.e77b11a2fe33db5a0364816c26a7d6a6_aug0_contrast+defocus_blur.jpg,contrast+defocus_blur,1,1,0,0,0.907,0.093
DSC01457_700x700-copy_jpg.rf.0db9dbbb54c51664cadfecb03d9a241f_aug0_motion_blur.jpg,motion_blur,1,1,0,0,0.907,0.093
IMG_0391_JPG_jpg.rf.41910ac953f6036d0ac7f759d34fb5f7.jpg,original,1,1,0,0,0.907,0.093
IMG_4517_jpg.rf.cb7c57f34f93caa6bc20bcc3c47631d1_aug0_noise.jpg,noise,1,1,0,0,0.907,0.093
t_bot_mal670_jpeg_jpg.rf.24f3b92676ac26463d39e39e099e1c7a_aug0_contrast+gamma.jpg,contrast+gamma,1,1,0,0,0.907,0.093
20231021_174729_jpg.rf.e77b11a2fe33db5a0364816c26a7d6a6.jpg,original,1,1,0,0,0.908,0.092
32oz-WM-HDPE-Front-No-USA-copy-2_jpg.rf.885f5beee4e64dd36841fe4c7d62b080_aug0_motion_blur.jpg,motion_blur,1,1,0,0,0.908,0.092
IMG_0309_JPG_jpg.rf.2de5883d648e1f439011df26d626330b.jpg,original,1,1,0,0,0.908,0.092
IMG_0309_JPG_jpg.rf.2de5883d648e1f439011df26d626330b_aug0_noise+gamma.jpg,noise+gamma,1,1,0,0,0.908,0.092
mallet-video-Trim_mp4-25_jpg.rf.fe5656dc53d8bfa8a51b005bd109c4ba_aug0_defocus_blur+motion_blur.jpg,defocus_blur+motion_blur,1,1,0,0,0.908,0.092
t_bot_mal271_jpeg_jpg.rf.03c0c04eecbcc2b8210eead23accb520_aug0_motion_blur+gamma.jpg,motion_blur+gamma,1,1,0,0,0.908,0.092
t_bot_mal286_jpeg_jpg.rf.bb0f6c2056f5e29f5c1dfc413231b86b_aug0_grayscale+contrast.jpg,grayscale+contrast,1,1,0,0,0.908,0.092
t_bot_mal442_jpeg_jpg.rf.c59be05c75ec6b625a6f3fa800950d62_aug0_noise.jpg,noise,1,1,0,0,0.908,0.092
t_bot_mal59_jpeg_jpg.rf.8a0646d8e8016a9c00a9a6480c1d0cc7.jpg,original,1,1,0,0,0.908,0.092
y2mate_com-The-Worlds-Best-Water-Bottle-Nalgene-Wide-Mouth-32-Oz_1080p_mp4-173_jpg.rf.20e15e713fba6b763dc278630ca4e142.jpg,original,1,1,0,0,0.908,0.092
20231021_174913_jpg.rf.ebc29c41cc11ba94192532fb04c8e984_aug0_defocus_blur.jpg,defocus_blur,1,1,0,0,0.909,0.091
IMG_0305_JPG_jpg.rf.565837a8ab9dfe8f73912ba16a4fa315.jpg,original,1,1,0,0,0.909,0.091
IMG_0315_JPG_jpg.rf.e91ff78cf009204779f025c90e700b6d_aug0_noise.jpg,noise,1,1,0,0,0.909,0.091
IMG_4477_jpg.rf.d33882c4cb7748d372513ee88f78910e.jpg,original,1,1,0,0,0.909,0.091
mallet486_jpeg_jpg.rf.ea19a80f5df24d3ef2d23b5aff550aa2.jpg,original,1,1,0,0,0.909,0.091
t_bot_mal298_jpeg_jpg.rf.9edff5ce53112d1681db0522487aeb98_aug0_gamma.jpg,gamma,1,1,0,0,0.909,0.091
t_bot_mal405_jpeg_jpg.rf.7e74b005b992af398ed3cb1e303ed288_aug0_motion_blur+noise.jpg,motion_blur+noise,1,1,0,0,0.909,0.091
IMG_0116_JPG_jpg.rf.199fbf05824910649163a6ade50bb8d9.jpg,original,1,1,0,0,0.91,0.09
IMG_0144_JPG_jpg.rf.0024cea61685c2881067974131180fa4.jpg,original,1,1,0,0,0.91,0.09
IMG_1055-scaled-copy-2_jpg.rf.224e11a2f6816dcacb0f1bf31df1e938.jpg,original,2,2,0,0,0.91,0.09
images-2-copy_jpeg_jpg.rf.6e759a215507c022fd3b7ea2436d8d4e.jpg,original,1,1,0,0,0.91,0.09
images-2-copy_jpeg_jpg.rf.6e759a215507c022fd3b7ea2436d8d4e_aug0_gamma.jpg,gamma,1,1,0,0,0.91,0.09
t_bot_mal283_jpeg_jpg.rf.f470b377e95dfe3a1b03509676759eb9_aug0_noise.jpg,noise,1,1,0,0,0.91,0.09
IMG_0422_JPG_jpg.rf.35935743a73107786334bbb93ef427fb.jpg,original,1,1,0,0,0.911,0.089
20231021_173801_jpg.rf.3654cef357af5fc18f5e181d252854d4.jpg,original,1,1,0,0,0.912,0.088
IMG_0108_JPG_jpg.rf.b87392c2b8d7c3c85edac1b0dfbf0dbf.jpg,original,1,1,0,0,0.912,0.088
IMG_0380_JPG_jpg.rf.5d1ce874fcf8aa55229498c28da0b7fb.jpg,original,1,1,0,0,0.912,0.088
t_bot_mal271_jpeg_jpg.rf.03c0c04eecbcc2b8210eead23accb520.jpg,original,1,1,0,0,0.912,0.088
t_bot_mal325_jpeg_jpg.rf.e6185cca91b695ee1dec868c5cf2fe61.jpg,original,1,1,0,0,0.912,0.088
t_bot_mal332_jpeg_jpg.rf.db70dd0933a98c51da76d6feb618b206.jpg,original,1,1,0,0,0.912,0.088
t_bot_mal386_jpeg_jpg.rf.37fa8a1518f3c3707d53c5c2c66a40c1.jpg,original,1,1,0,0,0.912,0.088
1literwidemouthwaterbottle180_jpeg_jpg.rf.316f3c1de4a4a39df58704f8a21fb2bb.jpg,original,1,1,0,0,0.913,0.087
32oz-WM-HDPE-Front-No-USA-copy-3_jpg.rf.2cdf7987d778483009dd19554fca6edb_aug0_noise+gamma.jpg,noise+gamma,1,1,0,0,0.913,0.087
IMG_0245_JPG_jpg.rf.bce6387324244f61cc40bdca10b82ed1.jpg,original,1,1,0,0,0.913,0.087
48-oz-gohunt-wide-mouth-nalgene_1200x-copy_jpg.rf.27b5c270b0494961bce551e5c32a4a09_aug0_motion_blur+contrast.jpg,motion_blur+contrast,1,1,0,0,0.914,0.086
48oz-WM_Grey_1010x1516_FRONT-copy_jpg.rf.79bf19af5c538e1336c02c2d04712b7f_aug0_contrast.jpg,contrast,1,1,0,0,0.914,0.086
IMG_4510_jpg.rf.fb718c8a2ac36e5b212eb11623d8290f_aug0_contrast.jpg,contrast,1,1,0,0,0.914,0.086
image_a2900458-5aa7-40de-a397-f014f0d75613-copy_jpg.rf.76e673c5dbe5943b86ff88a5c7c79b6a.jpg,original,1,1,0,0,0.914,0.086
t_bot_mal23_jpeg_jpg.rf.a452165a5f3ac43c6d9db95f11fcff74.jpg,original,1,1,0,0,0.914,0.086
t_bot_mal394_jpeg_jpg.rf.712ea32fd145f28e6fcb8ae75404b974.jpg,original,1,1,0,0,0.914,0.086
y2mate_com-The-Worlds-Best-Water-Bottle-Nalgene-Wide-Mouth-32-Oz_1080p_mp4-174_jpg.rf.b5195029b610dfca6b4cd11194614f4c.jpg,original,1,1,0,0,0.914,0.086
284_jpg.rf.509df1d7d1972324b6c4669483def82c_aug0_contrast+defocus_blur.jpg,contrast+defocus_blur,1,1,0,0,0.915,0.085
IMG_0240_JPG_jpg.rf.82d4f14f373c23167f0f06817d45f722_aug0_gamma.jpg,gamma,1,1,0,0,0.915,0.085
IMG_0422_JPG_jpg.rf.35935743a73107786334bbb93ef427fb_aug0_gamma.jpg,gamma,1,1,0,0,0.915,0.085
t_bot_mal670_jpeg_jpg.rf.24f3b92676ac26463d39e39e099e1c7a.jpg,original,1,1,0,0,0.915,0.085
y2mate_com-The-Worlds-Best-Water-Bottle-Nalgene-Wide-Mouth-32-Oz_1080p_mp4-211_jpg.rf.0d0ec696593c816d3ab28743cfa867a8_aug0_gamma.jpg,gamma,1,1,0,0,0.915,0.085
IMG_0222_JPG_jpg.rf.25e2d32bcdfac5a6fff3d8c7c8261575_aug0_contrast.jpg,contrast,1,1,0,0,0.916,0.084
IMG_0310_JPG_jpg.rf.88e2f557ce1f3750087ea15f831e0ac0.jpg,original,1,1,0,0,0.916,0.084
t_bot_mal298_jpeg_jpg.rf.9edff5ce53112d1681db0522487aeb98.jpg,original,1,1,0,0,0.916,0.084
t_bot_mal325_jpeg_jpg.rf.e6185cca91b695ee1dec868c5cf2fe61_aug0_motion_blur+defocus_blur.jpg,motion_blur+defocus_blur,1,1,0,0,0.916,0.084
y2mate_com-The-Worlds-Best-Water-Bottle-Nalgene-Wide-Mouth-32-Oz_1080p_mp4-87_jpg.rf.4df3f3ea72fc38020b11e56bef00f560_aug0_motion_blur.jpg,motion_blur,1,1,0,0,0.916,0.084
1literwidemouthwaterbottle40_jpeg_jpg.rf.d96f3b06279f07781bfb232a8e1c34b4.jpg,original,1,1,0,0,0.917,0.083
20231021_173602_jpg.rf.464f57387deb297639765ad39caf0bfd_aug0_defocus_blur.jpg,defocus_blur,1,1,0,0,0.917,0.083
20231021_173800_jpg.rf.72b5a939da90e78b4c7754e5204cd954.jpg,original,1,1,0,0,0.917,0.083
48oz-WM_Grey_1010x1516_FRONT-copy_jpg.rf.79bf19af5c538e1336c02c2d04712b7f.jpg,original,1,1,0,0,0.918,0.082
IMG_0108_JPG_jpg.rf.b87392c2b8d7c3c85edac1b0dfbf0dbf_aug0_noise.jpg,noise,1,1,0,0,0.918,0.082
IMG_0338_JPG_jpg.rf.d2667a027c35500d871bd4d366a7327b_aug0_contrast.jpg,contrast,1,1,0,0,0.918,0.082
image_a2900458-5aa7-40de-a397-f014f0d75613-copy-2_jpg.rf.1be02aaf68135841ef7391f05f8f0d8d.jpg,original,1,1,0,0,0.918,0.082
image_a2900458-5aa7-40de-a397-f014f0d75613-copy-3_jpg.rf.5a2b94629414f51e9da837eabd87f01e_aug0_gamma.jpg,gamma,1,1,0,0,0.918,0.082
t_bot_mal21_jpeg_jpg.rf.16d43ebc4e16da3d5467c486f57efb78.jpg,original,1,1,0,0,0.918,0.082
t_bot_mal406_jpeg_jpg.rf.135c9e87a6dfeffa43a740184fd2b7eb_aug0_grayscale.jpg,grayscale,1,1,0,0,0.918,0.082
y2mate_com-The-Worlds-Best-Water-Bottle-Nalgene-Wide-Mouth-32-Oz_1080p_mp4-77_jpg.rf.04c9c5d09eff59b44d928d67bdea280e_aug0_motion_blur+grayscale.jpg,motion_blur+grayscale,1,1,0,0,0.918,0.082
229_jpg.rf.a6004fcf2c3660011da778501bdb966c_aug0_noise+gamma.jpg,noise+gamma,1,1,0,0,0.919,0.081
image_a2900458-5aa7-40de-a397-f014f0d75613-copy_jpg.rf.76e673c5dbe5943b86ff88a5c7c79b6a_aug0_motion_blur.jpg,motion_blur,1,1,0,0,0.919,0.081
nalgene-32oz-ffo-nalgene-bottle-2-colors-copy-2_jpeg_jpg.rf.752d2a233f5b343c6031e4de9857a949_aug0_defocus_blur+noise.jpg,defocus_blur+noise,1,1,0,0,0.919,0.081
t_bot_mal329_jpeg_jpg.rf.e3e41bba5ff85584c53fefaf5e1f54c4.jpg,original,1,1,0,0,0.919,0.081
IMG_0116_JPG_jpg.rf.199fbf05824910649163a6ade50bb8d9_aug0_defocus_blur.jpg,defocus_blur,1,1,0,0,0.92,0.08
IMG_4514_jpg.rf.98b2d1f932e1a0ef3c981d365d035ff5_aug0_defocus_blur+motion_blur.jpg,defocus_blur+motion_blur,1,1,0,0,0.92,0.08
images-2-copy-2_jpeg_jpg.rf.e0b244431c183e1b6781493aff3c10d1.jpg,original,1,1,0,0,0.92,0.08
nalgene-2023-blue-on-blue-copy_jpeg_jpg.rf.b5b87a5e4138aab0327f4ffcf40c47ea.jpg,original,1,1,0,0,0.92,0.08
t_bot_mal62_jpeg_jpg.rf.03f375c86a6293d490adf846df034aea.jpg,original,1,1,0,0,0.92,0.08
1literwidemouthwaterbottle234_jpeg_jpg.rf.62e4e14650b7e6167b05fcd1a369b692_aug0_motion_blur.jpg,motion_blur,1,1,0,0,0.921,0.079
IMG_0179_JPG_jpg.rf.bce40e382c288cd19a7e543a656215b0.jpg,original,1,1,0,0,0.921,0.079
IMG_0184_JPG_jpg.rf.8736ef246272a5e41a68168b61cebf2f.jpg,original,1,1,0,0,0.921,0.079
image_a2900458-5aa7-40de-a397-f014f0d75613_jpg.rf.2b7e62da2b64fa3222da84b205d304d6.jpg,original,1,1,0,0,0.921,0.079
t_bot_mal287_jpeg_jpg.rf.a8d6e86e4e56619699960d55936f5d87.jpg,original,1,1,0,0,0.921,0.079
200818-Waterbottle_1200x-copy-2_jpg.rf.fbc25f9131363bc71ec02a4fb4f9c1d2_aug0_defocus_blur.jpg,defocus_blur,1,1,0,0,0.922,0.078
20231021_173848_jpg.rf.72b3664d4ed590c474805eb58d44c09e.jpg,original,1,1,0,0,0.922,0.078
IMG_0199_JPG_jpg.rf.de81ddbfe4955a9325555b50b4b485bf_aug0_defocus_blur+gamma.jpg,defocus_blur+gamma,1,1,0,0,0.922,0.078
green_nalgene_vid_mp4-180_jpg.rf.178bc785d580e2f7218c37c9df057735_aug0_contrast+defocus_blur.jpg,contrast+defocus_blur,1,1,0,0,0.922,0.078
nalgene-32oz-ffo-nalgene-bottle-2-colors-copy-2_jpeg_jpg.rf.752d2a233f5b343c6031e4de9857a949.jpg,original,1,1,0,0,0.922,0.078
y2mate_com-The-Worlds-Best-Water-Bottle-Nalgene-Wide-Mouth-32-Oz_1080p_mp4-218_jpg.rf.3620a22128636cb206641636b9151fbf.jpg,original,1,1,0,0,0.922,0.078
1literwidemouthwaterbottle234_jpeg_jpg.rf.62e4e14650b7e6167b05fcd1a369b692.jpg,original,1,1,0,0,0.923,0.077
662A6898_1200x-copy_jpg.rf.420776413c4991ed6c17621d77fdf211_aug0_motion_blur+noise.jpg,motion_blur+noise,1,1,0,0,0.923,0.077
IMG_0199_JPG_jpg.rf.de81ddbfe4955a9325555b50b4b485bf.jpg,original,1,1,0,0,0.923,0.077
IMG_0209_JPG_jpg.rf.0b908d7bc29b9348bacebe80ef03c187_aug0_gamma+defocus_blur.jpg,gamma+defocus_blur,1,1,0,0,0.923,0.077
IMG_0236_JPG_jpg.rf.2edb377bb5e5f0d199317cbb304073d2.jpg,original,1,1,0,0,0.923,0.077
IMG_0236_JPG_jpg.rf.2edb377bb5e5f0d199317cbb304073d2_aug0_contrast+grayscale.jpg,contrast+grayscale,1,1,0,0,0.923,0.077
IMG_0240_JPG_jpg.rf.82d4f14f373c23167f0f06817d45f722.jpg,original,1,1,0,0,0.923,0.077
t_bot_mal726_jpeg_jpg.rf.5e75f8e240136fadadc323ffd30a32b2.jpg,original,1,1,0,0,0.923,0.077
Screenshot-2024-05-28-at-10-03-10-AM_png_jpg.rf.a198c7d951d0d77888f6a304ef43bb4e_aug0_noise+motion_blur.jpg,noise+motion_blur,1,1,0,0,0.924,0.076
images-2-copy-2_jpeg_jpg.rf.e0b244431c183e1b6781493aff3c10d1_aug0_gamma.jpg,gamma,1,1,0,0,0.924,0.076
t_bot_mal451_jpeg_jpg.rf.a5da904ad0e510634a02b31cf7b507d7_aug0_contrast+noise.jpg,contrast+noise,1,1,0,0,0.924,0.076
200818-Waterbottle_1200x-copy-2_jpg.rf.fbc25f9131363bc71ec02a4fb4f9c1d2.jpg,original,1,1,0,0,0.925,0.075
32oz-WM-HDPE-Front-No-USA-copy-3_jpg.rf.2cdf7987d778483009dd19554fca6edb.jpg,original,1,1,0,0,0.925,0.075
32oz-nalgene-water-bottle-639766-copy_jpg.rf.a2d200ebba7831828fe7d30308f5e601.jpg,original,1,1,0,0,0.925,0.075
IMG_4517_jpg.rf.cb7c57f34f93caa6bc20bcc3c47631d1.jpg,original,1,1,0,0,0.925,0.075
t_bot_mal17_jpeg_jpg.rf.0e5a60549c4a9d7f4fe4e9bc3ca73fd6_aug0_contrast.jpg,contrast,1,1,0,0,0.925,0.075
t_bot_mal442_jpeg_jpg.rf.c59be05c75ec6b625a6f3fa800950d62.jpg,original,1,1,0,0,0.925,0.075
1literwidemouthwaterbottle85_jpeg_jpg.rf.857e5ef2750d597a2886358df7d47231.jpg,original,1,1,0,0,0.926,0.074
IMG_0138_JPG_jpg.rf.b5005d5564d7c6d4c7b1d011a300975b_aug0_noise+gamma.jpg,noise+gamma,1,1,0,0,0.926,0.074
mallet307_jpeg_jpg.rf.96e6af170aa10ae0afa9e785bb7c27ea.jpg,original,1,1,0,0,0.926,0.074
t_bot_mal17_jpeg_jpg.rf.0e5a60549c4a9d7f4fe4e9bc3ca73fd6.jpg,original,1,1,0,0,0.926,0.074
IMG_0094_JPG_jpg.rf.aa5584cee326e9fe921bee5e80853d72_aug0_motion_blur.jpg,motion_blur,1,1,0,0,0.927,0.073
IMG_0156_JPG_jpg.rf.a55d76e281a9164b76b21d1d00191a60.jpg,original,1,1,0,0,0.927,0.073
IMG_0213_JPG_jpg.rf.2c6b68bb3c0bafbc8248059db4cad780.jpg,original,1,1,0,0,0.927,0.073
IMG_0222_JPG_jpg.rf.25e2d32bcdfac5a6fff3d8c7c8261575.jpg,original,1,1,0,0,0.927,0.073
IMG_0228_JPG_jpg.rf.f9810eca91b98f552a3207d9fc62cf67_aug0_motion_blur.jpg,motion_blur,1,1,0,0,0.927,0.073
NL0010-WEB1_iu4mfv-copy_jpeg_jpg.rf.5c2b75c4264af7f90c38e3dbe89ed418_aug0_noise.jpg,noise,1,1,0,0,0.927,0.073
c_mallet_931_JPG_jpg.rf.87aac4436455974f492a8214928a4483_aug0_noise.jpg,noise,1,1,0,0,0.927,0.073
y2mate_com-The-Worlds-Best-Water-Bottle-Nalgene-Wide-Mouth-32-Oz_1080p_mp4-214_jpg.rf.69abf7787c21ca1e08b87096b857e063.jpg,original,1,1,0,0,0.927,0.073
1literwidemouthwaterbottle85_jpeg_jpg.rf.857e5ef2750d597a2886358df7d47231_aug0_defocus_blur.jpg,defocus_blur,1,1,0,0,0.928,0.072
229_jpg.rf.a6004fcf2c3660011da778501bdb966c.jpg,original,1,1,0,0,0.928,0.072
IMG_4518_jpg.rf.78f24d2e264c7b2bb85c360569e84c06_aug0_contrast+noise.jpg,contrast+noise,1,1,0,0,0.928,0.072
IMG_4520_jpg.rf.848bfbfffcc5d447faa4c132f86a3efc_aug0_motion_blur.jpg,motion_blur,1,1,0,0,0.928,0.072
image_a2900458-5aa7-40de-a397-f014f0d75613-copy-3_jpg.rf.5a2b94629414f51e9da837eabd87f01e.jpg,original,1,1,0,0,0.928,0.072
1literwidemouthwaterbottle199_jpeg_jpg.rf.69f2d022a0a18fb6b03ec0cb801d5ab4_aug0_contrast+defocus_blur.jpg,contrast+defocus_blur,1,1,0,0,0.929,0.071
61w50UuDJkL-_AC_UF1000-1000_QL80_-copy-3_jpeg_jpg.rf.5d3af24073f47076a962f6c82fa69976.jpg,original,1,1,0,0,0.929,0.071
IMG_0209_JPG_jpg.rf.0b908d7bc29b9348bacebe80ef03c187.jpg,original,1,1,0,0,0.929,0.071
NL0010-WEB1_iu4mfv-copy_jpeg_jpg.rf.5c2b75c4264af7f90c38e3dbe89ed418.jpg,original,1,1,0,0,0.929,0.071
t_bot_mal388_jpeg_jpg.rf.71882042d0197cd975f9491dc3c5ed46_aug0_noise+contrast.jpg,noise+contrast,1,1,0,0,0.929,0.071
t_bot_mal62_jpeg_jpg.rf.03f375c86a6293d490adf846df034aea_aug0_motion_blur.jpg,motion_blur,1,1,0,0,0.929,0.071
t_bot_mal90_jpeg_jpg.rf.c641a5ab799f7e57f9749fa9f667e67f.jpg,original,1,1,0,0,0.929,0.071
48-oz-gohunt-wide-mouth-nalgene_1200x-copy-2_jpg.rf.90387a7d6a86fad992ba820fca7e8c50.jpg,original,1,1,0,0,0.93,0.07
t_bot_mal18_jpeg_jpg.rf.52a578818dbad9db397e423b6919c149_aug0_noise.jpg,noise,1,1,0,0,0.93,0.07
t_bot_mal287_jpeg_jpg.rf.a8d6e86e4e56619699960d55936f5d87_aug0_contrast.jpg,contrast,1,1,0,0,0.93,0.07
y2mate_com-The-Worlds-Best-Water-Bottle-Nalgene-Wide-Mouth-32-Oz_1080p_mp4-100_jpg.rf.70f71212c215b831e3a5f260bd102fbe_aug0_gamma+motion_blur.jpg,gamma+motion_blur,1,1,0,0,0.93,0.07
32oz-nalgene-water-bottle-639766-copy_jpg.rf.a2d200ebba7831828fe7d30308f5e601_aug0_gamma.jpg,gamma,1,1,0,0,0.931,0.069
4fd1127a-58cf-4b5b-8462-6b7689946b3e-901d81fd4542537380da8cb35318f1d7-copy-2_jpeg_jpg.rf.2a3155f956a68f454e4fcc5a0c64e71e.jpg,original,1,1,0,0,0.931,0.069
IMG_0272_JPG_jpg.rf.6ff9d91bed08c01d100c4efbe8611f72_aug0_noise.jpg,noise,1,1,0,0,0.931,0.069
IMG_4497_jpg.rf.eaeabd0a0830d9a2b4a96849d209f3b5_aug0_motion_blur+gamma.jpg,motion_blur+gamma,1,1,0,0,0.931,0.069
Screenshot-2024-05-28-at-10-03-25-AM-copy-3_png_jpg.rf.52ebe84042231c1e67cc876dfe95e8ae_aug0_noise.jpg,noise,1,1,0,0,0.931,0.069
t_bot_mal406_jpeg_jpg.rf.135c9e87a6dfeffa43a740184fd2b7eb.jpg,original,1,1,0,0,0.931,0.069
t_bot_mal451_jpeg_jpg.rf.a5da904ad0e510634a02b31cf7b507d7.jpg,original,1,1,0,0,0.931,0.069
20231021_173602_jpg.rf.464f57387deb297639765ad39caf0bfd.jpg,original,1,1,0,0,0.932,0.068
4771-Nalgene-Blue-Side-copy-2_jpg.rf.1a7f9b8fd5fbdaf13dcbdcedbfb38eb1.jpg,original,1,1,0,0,0.932,0.068
IMG_0338_JPG_jpg.rf.d2667a027c35500d871bd4d366a7327b.jpg,original,1,1,0,0,0.932,0.068
IMG_4518_jpg.rf.78f24d2e264c7b2bb85c360569e84c06.jpg,original,1,1,0,0,0.932,0.068
t_bot_mal22_jpeg_jpg.rf.9ae0bdff6f8dc1eb90318410a405f2a5.jpg,original,1,1,0,0,0.932,0.068
1literwidemouthwaterbottle199_jpeg_jpg.rf.69f2d022a0a18fb6b03ec0cb801d5ab4.jpg,original,1,1,0,0,0.933,0.067
48-oz-gohunt-wide-mouth-nalgene_1200x-copy-2_jpg.rf.90387a7d6a86fad992ba820fca7e8c50_aug0_motion_blur+gamma.jpg,motion_blur+gamma,1,1,0,0,0.933,0.067
8dc15a93-e841-4b0f-9496-3280437da459-228d16a539fdbb245f743bae84820c33-copy-2_jpeg_jpg.rf.90177d0504796a061293acbe6efc5fa6.jpg,original,1,1,0,0,0.933,0.067
IMG_0106_JPG_jpg.rf.1ba5cec847fed6dbbaf6e40f19c6e2d0_aug0_gamma+contrast.jpg,gamma+contrast,1,1,0,0,0.933,0.067
IMG_4540_jpg.rf.9cfc9eae77ec57ff0a4f850ab36f0fcd_aug0_gamma+defocus_blur.jpg,gamma+defocus_blur,1,1,0,0,0.933,0.067
4fd1127a-58cf-4b5b-8462-6b7689946b3e-901d81fd4542537380da8cb35318f1d7-copy-2_jpeg_jpg.rf.2a3155f956a68f454e4fcc5a0c64e71e_aug0_defocus_blur+gamma.jpg,defocus_blur+gamma,1,1,0,0,0.934,0.066
t_bot_mal143_jpeg_jpg.rf.d31b9ebf7f789f9646e002ce51d4fc0a_aug0_motion_blur+gamma.jpg,motion_blur+gamma,1,1,0,0,0.934,0.066
t_bot_mal22_jpeg_jpg.rf.9ae0bdff6f8dc1eb90318410a405f2a5_aug0_gamma.jpg,gamma,1,1,0,0,0.934,0.066
t_bot_mal398_jpeg_jpg.rf.12291f254bad9410db8882e9412c792a.jpg,original,1,1,0,0,0.934,0.066
t_bot_mal40_jpeg_jpg.rf.a2713d78101e20ecb26143a67e02192b_aug0_noise+defocus_blur.jpg,noise+defocus_blur,1,1,0,0,0.934,0.066
t_bot_mal468_jpeg_jpg.rf.3555ebc87d11bea2a020b5c18e45ef80_aug0_contrast+motion_blur.jpg,contrast+motion_blur,1,1,0,0,0.934,0.066
61w50UuDJkL-_AC_UF1000-1000_QL80_-copy-3_jpeg_jpg.rf.5d3af24073f47076a962f6c82fa69976_aug0_noise.jpg,noise,1,1,0,0,0.935,0.065
IMG_0094_JPG_jpg.rf.aa5584cee326e9fe921bee5e80853d72.jpg,original,1,1,0,0,0.935,0.065
IMG_0120_JPG_jpg.rf.2bdb024b874835d563d340e2696c7051_aug0_defocus_blur+noise.jpg,defocus_blur+noise,1,1,0,0,0.935,0.065
IMG_0455_JPG_jpg.rf.33cf0dc5f59564e8e965e9e535fe4e04.jpg,original,1,1,0,0,0.935,0.065
t_bot_mal250_jpeg_jpg.rf.4a0a9ca2824ba92aa4d7925a87773e5d.jpg,original,1,1,0,0,0.935,0.065
t_bot_mal386_jpeg_jpg.rf.37fa8a1518f3c3707d53c5c2c66a40c1_aug0_contrast.jpg,contrast,1,1,0,0,0.935,0.065
t_bot_mal388_jpeg_jpg.rf.71882042d0197cd975f9491dc3c5ed46.jpg,original,1,1,0,0,0.935,0.065
IMG_4505_jpg.rf.d2792aaaa6764b8e0223ec3ba8e2ce5f.jpg,original,1,1,0,0,0.936,0.064
IMG_4505_jpg.rf.d2792aaaa6764b8e0223ec3ba8e2ce5f_aug0_gamma.jpg,gamma,1,1,0,0,0.936,0.064
nalgene-2023-blue-on-blue_jpeg_jpg.rf.0a0dd948a9b45130481c9116d7bb5421.jpg,original,1,1,0,0,0.936,0.064
1literwidemouthwaterbottle193_jpeg_jpg.rf.09dce0d1e2908bd072f971d41a6a23f6_aug0_gamma.jpg,gamma,1,1,0,0,0.937,0.063
IMG_0213_JPG_jpg.rf.2c6b68bb3c0bafbc8248059db4cad780_aug0_motion_blur.jpg,motion_blur,1,1,0,0,0.937,0.063
c_mallet_931_JPG_jpg.rf.87aac4436455974f492a8214928a4483.jpg,original,1,1,0,0,0.937,0.063
t_bot_mal305_jpeg_jpg.rf.0ff312dad8c634d574ad903fe3d7b641.jpg,original,1,1,0,0,0.937,0.063
y2mate_com-The-Worlds-Best-Water-Bottle-Nalgene-Wide-Mouth-32-Oz_1080p_mp4-107_jpg.rf.f1d998c7d055da6a8db60b01907fc509.jpg,original,1,1,0,0,0.937,0.063
1literwidemouthwaterbottle193_jpeg_jpg.rf.09dce0d1e2908bd072f971d41a6a23f6.jpg,original,1,1,0,0,0.938,0.062
IMG_4492_jpg.rf.7a22eaa7436f859bfc567e71882c2ef0.jpg,original,1,1,0,0,0.938,0.062
t_bot_mal398_jpeg_jpg.rf.12291f254bad9410db8882e9412c792a_aug0_noise.jpg,noise,1,1,0,0,0.938,0.062
t_bot_mal619_jpeg_jpg.rf.5aba54e082b3fbd8691ed64568dec928_aug0_gamma+noise.jpg,gamma+noise,1,1,0,0,0.938,0.062
y2mate_com-The-Worlds-Best-Water-Bottle-Nalgene-Wide-Mouth-32-Oz_1080p_mp4-215_jpg.rf.21320d2b17b896466e77e50e5a45ce8b.jpg,original,1,1,0,0,0.938,0.062
y2mate_com-The-Worlds-Best-Water-Bottle-Nalgene-Wide-Mouth-32-Oz_1080p_mp4-77_jpg.rf.04c9c5d09eff59b44d928d67bdea280e.jpg,original,1,1,0,0,0.938,0.062
01_THEWATERBOTTLE_jpg.rf.c0b1077299e9a8036b6b6cb5c99ec741.jpg,original,1,1,0,0,0.939,0.061
IMG_0106_JPG_jpg.rf.1ba5cec847fed6dbbaf6e40f19c6e2d0.jpg,original,1,1,0,0,0.939,0.061
IMG_0175_JPG_jpg.rf.0f5a00fcc558f64f99dabaf698e154e5.jpg,original,1,1,0,0,0.939,0.061
IMG_0175_JPG_jpg.rf.0f5a00fcc558f64f99dabaf698e154e5_aug0_gamma+contrast.jpg,gamma+contrast,1,1,0,0,0.939,0.061
IMG_4520_jpg.rf.848bfbfffcc5d447faa4c132f86a3efc.jpg,original,1,1,0,0,0.939,0.061
t_bot_mal40_jpeg_jpg.rf.a2713d78101e20ecb26143a67e02192b.jpg,original,1,1,0,0,0.939,0.061
t_bot_mal90_jpeg_jpg.rf.c641a5ab799f7e57f9749fa9f667e67f_aug0_motion_blur.jpg,motion_blur,1,1,0,0,0.939,0.061
226_jpg.rf.c87943905b8bb81b9828c1b633c5101d_aug0_contrast+motion_blur.jpg,contrast+motion_blur,1,1,0,0,0.94,0.06
662A6898_1200x-copy_jpg.rf.420776413c4991ed6c17621d77fdf211.jpg,original,1,1,0,0,0.94,0.06
t_bot_mal142_jpeg_jpg.rf.d689bf6ff08d36151c133fbbe1405759_aug0_motion_blur.jpg,motion_blur,1,1,0,0,0.94,0.06
t_bot_mal401_jpeg_jpg.rf.7373f852e6ec0979b3a04ce39615db11_aug0_grayscale.jpg,grayscale,1,1,0,0,0.94,0.06
286_jpg.rf.c69b75006c50375cd980a09d9c841922.jpg,original,1,1,0,0,0.941,0.059
a2408651_jpeg_jpg.rf.1156f6efb54edd234d0290a178071d99_aug0_noise+motion_blur.jpg,noise+motion_blur,1,1,0,0,0.941,0.059
image_a2900458-5aa7-40de-a397-f014f0d75613-copy-2_jpg.rf.1be02aaf68135841ef7391f05f8f0d8d_aug0_motion_blur.jpg,motion_blur,1,1,0,0,0.941,0.059
1literwidemouthwaterbottle190_jpeg_jpg.rf.3e87414a81109cb4743b09776641e2bb_aug0_gamma+motion_blur.jpg,gamma+motion_blur,1,1,0,0,0.942,0.058
IMG_0120_JPG_jpg.rf.2bdb024b874835d563d340e2696c7051.jpg,original,1,1,0,0,0.942,0.058
IMG_0234_JPG_jpg.rf.2ad8a35336d2a5bfa207f86a1d22676e_aug0_gamma.jpg,gamma,1,1,0,0,0.942,0.058
IMG_4500_jpg.rf.81d80efd6d3a75df8fa318a7c38436cc_aug0_grayscale.jpg,grayscale,1,1,0,0,0.942,0.058
Screenshot-2024-05-28-at-10-03-10-AM_png_jpg.rf.a198c7d951d0d77888f6a304ef43bb4e.jpg,original,1,1,0,0,0.942,0.058
t_bot_mal401_jpeg_jpg.rf.7373f852e6ec0979b3a04ce39615db11.jpg,original,1,1,0,0,0.942,0.058
t_bot_mal453_jpeg_jpg.rf.b6a5ec1d98b9e52333a3a4b1c3bab62f.jpg,original,1,1,0,0,0.942,0.058
t_bot_mal59_jpeg_jpg.rf.8a0646d8e8016a9c00a9a6480c1d0cc7_aug0_gamma+motion_blur.jpg,gamma+motion_blur,1,1,0,0,0.942,0.058
IMG_0138_JPG_jpg.rf.b5005d5564d7c6d4c7b1d011a300975b.jpg,original,1,1,0,0,0.943,0.057
IMG_4500_jpg.rf.81d80efd6d3a75df8fa318a7c38436cc.jpg,original,1,1,0,0,0.943,0.057
Nalgene_Blue_Grey_Glow_Green_New-copy-copy-2_jpg.rf.805a2bca1ceaefc60ac998a827c2850f.jpg,original,3,3,0,0,0.943,0.057
t_bot_mal136_jpeg_jpg.rf.607691cce3c68a27adc73cc555c77c50_aug0_noise.jpg,noise,1,1,0,0,0.943,0.057
t_bot_mal18_jpeg_jpg.rf.52a578818dbad9db397e423b6919c149.jpg,original,1,1,0,0,0.943,0.057
y2mate_com-The-Worlds-Best-Water-Bottle-Nalgene-Wide-Mouth-32-Oz_1080p_mp4-107_jpg.rf.f1d998c7d055da6a8db60b01907fc509_aug0_defocus_blur.jpg,defocus_blur,1,1,0,0,0.943,0.057
01_THEWATERBOTTLE_jpg.rf.c0b1077299e9a8036b6b6cb5c99ec741_aug0_noise+contrast.jpg,noise+contrast,1,1,0,0,0.944,0.056
4771-Nalgene-Blue-Side-copy-2_jpg.rf.1a7f9b8fd5fbdaf13dcbdcedbfb38eb1_aug0_gamma+motion_blur.jpg,gamma+motion_blur,1,1,0,0,0.944,0.056
IMG_4510_jpg.rf.fb718c8a2ac36e5b212eb11623d8290f.jpg,original,1,1,0,0,0.944,0.056
IMG_4540_jpg.rf.9cfc9eae77ec57ff0a4f850ab36f0fcd.jpg,original,1,1,0,0,0.944,0.056
y2mate_com-The-Worlds-Best-Water-Bottle-Nalgene-Wide-Mouth-32-Oz_1080p_mp4-214_jpg.rf.69abf7787c21ca1e08b87096b857e063_aug0_grayscale.jpg,grayscale,1,1,0,0,0.944,0.056
IMG_0272_JPG_jpg.rf.6ff9d91bed08c01d100c4efbe8611f72.jpg,original,1,1,0,0,0.946,0.054
bottle072-bowdoin-mocha_1400x-copy_jpg.rf.da2982641513fbafd1ddf215ed32b7ed_aug0_defocus_blur+grayscale.jpg,defocus_blur+grayscale,1,1,0,0,0.946,0.054
green_nalgene_vid_mp4-194_jpg.rf.23c0297e892acce80eb21c9ee7a9100e.jpg,original,1,1,0,0,0.946,0.054
t_bot_mal619_jpeg_jpg.rf.5aba54e082b3fbd8691ed64568dec928.jpg,original,1,1,0,0,0.946,0.054
t_bot_mal6_jpeg_jpg.rf.07a60b480b83ca862e8afc0976fbf094_aug0_contrast+gamma.jpg,contrast+gamma,1,1,0,0,0.946,0.054
IMG_0234_JPG_jpg.rf.2ad8a35336d2a5bfa207f86a1d22676e.jpg,original,1,1,0,0,0.947,0.053
Nalgene_Blue_Grey_Glow_Green_New-copy-copy_jpg.rf.023db7e52708d1cd62902c277ff1e2c9_aug0_noise+gamma.jpg,noise+gamma,3,3,0,0,0.947,0.053
a2408651-copy-2_jpeg_jpg.rf.12835aedcbd481831fd632d9edd65ef1.jpg,original,1,1,0,0,0.947,0.053
t_bot_mal6_jpeg_jpg.rf.07a60b480b83ca862e8afc0976fbf094.jpg,original,1,1,0,0,0.947,0.053
Nalgene_Blue_Grey_Glow_Green_New-copy-copy-2_jpg.rf.805a2bca1ceaefc60ac998a827c2850f_aug0_grayscale+contrast.jpg,grayscale+contrast,3,3,0,0,0.948,0.052
nalgene-2023-blue-on-blue_jpeg_jpg.rf.0a0dd948a9b45130481c9116d7bb5421_aug0_motion_blur.jpg,motion_blur,1,1,0,0,0.948,0.052
t_bot_mal136_jpeg_jpg.rf.607691cce3c68a27adc73cc555c77c50.jpg,original,1,1,0,0,0.948,0.052
1literwidemouthwaterbottle176_jpeg_jpg.rf.3430181d570a1d15f315b63fd8d17194_aug0_gamma.jpg,gamma,1,1,0,0,0.949,0.051
IMG_0190_JPG_jpg.rf.d2fd530cd16f91300870ca373d1742db_aug0_noise+motion_blur.jpg,noise+motion_blur,1,1,0,0,0.949,0.051
IMG_0228_JPG_jpg.rf.f9810eca91b98f552a3207d9fc62cf67.jpg,original,1,1,0,0,0.949,0.051
Nalgene_Blue_Grey_Glow_Green_New-copy-copy_jpg.rf.023db7e52708d1cd62902c277ff1e2c9.jpg,original,3,3,0,0,0.949,0.051
a2408651-copy-2_jpeg_jpg.rf.12835aedcbd481831fd632d9edd65ef1_aug0_contrast.jpg,contrast,1,1,0,0,0.949,0.051
t_bot_mal143_jpeg_jpg.rf.d31b9ebf7f789f9646e002ce51d4fc0a.jpg,original,1,1,0,0,0.949,0.051
t_bot_mal453_jpeg_jpg.rf.b6a5ec1d98b9e52333a3a4b1c3bab62f_aug0_motion_blur+defocus_blur.jpg,motion_blur+defocus_blur,1,1,0,0,0.949,0.051
y2mate_com-The-Worlds-Best-Water-Bottle-Nalgene-Wide-Mouth-32-Oz_1080p_mp4-100_jpg.rf.70f71212c215b831e3a5f260bd102fbe.jpg,original,1,1,0,0,0.949,0.051
IMG_4489_jpg.rf.5ba51c74e70cf7a85279da9e998d6ccf.jpg,original,1,1,0,0,0.95,0.05
a2408651_jpeg_jpg.rf.1156f6efb54edd234d0290a178071d99.jpg,original,1,1,0,0,0.95,0.05
20231021_172826_jpg.rf.999ae7a4252393a68b46b8c9f57263c5.jpg,original,1,1,0,0,0.951,0.049
20231021_172826_jpg.rf.999ae7a4252393a68b46b8c9f57263c5_aug0_grayscale.jpg,grayscale,1,1,0,0,0.951,0.049
286_jpg.rf.c69b75006c50375cd980a09d9c841922_aug0_grayscale+motion_blur.jpg,grayscale+motion_blur,1,1,0,0,0.951,0.049
t_bot_mal142_jpeg_jpg.rf.d689bf6ff08d36151c133fbbe1405759.jpg,original,1,1,0,0,0.951,0.049
1literwidemouthwaterbottle176_jpeg_jpg.rf.3430181d570a1d15f315b63fd8d17194.jpg,original,1,1,0,0,0.952,0.048
1literwidemouthwaterbottle190_jpeg_jpg.rf.3e87414a81109cb4743b09776641e2bb.jpg,original,1,1,0,0,0.952,0.048
IMG_0232_JPG_jpg.rf.589c878196ae6275f329fdcf370441c6.jpg,original,1,1,0,0,0.954,0.046
IMG_0232_JPG_jpg.rf.589c878196ae6275f329fdcf370441c6_aug0_noise+gamma.jpg,noise+gamma,1,1,0,0,0.954,0.046
green_nalgene_vid_mp4-194_jpg.rf.23c0297e892acce80eb21c9ee7a9100e_aug0_motion_blur.jpg,motion_blur,1,1,0,0,0.954,0.046
t_bot_mal87_jpeg_jpg.rf.8f07494b43b1185d39618f87a474cc3d_aug0_defocus_blur.jpg,defocus_blur,1,1,0,0,0.954,0.046
y2mate_com-The-Worlds-Best-Water-Bottle-Nalgene-Wide-Mouth-32-Oz_1080p_mp4-87_jpg.rf.4df3f3ea72fc38020b11e56bef00f560.jpg,original,1,1,0,0,0.954,0.046
662A6898_1200x-copy-2_jpg.rf.4c8a0ca6e1a1a7cb901834914a1fd071_aug0_motion_blur+defocus_blur.jpg,motion_blur+defocus_blur,1,1,0,0,0.955,0.045
IMG_0190_JPG_jpg.rf.d2fd530cd16f91300870ca373d1742db.jpg,original,1,1,0,0,0.956,0.044
mallet313_jpeg_jpg.rf.e9dd28104c790439ba5a034ec1631e14.jpg,original,1,1,0,0,0.956,0.044
IMG_0347_JPG_jpg.rf.382f821607d33b6d94d5ccfa80882853.jpg,original,1,1,0,0,0.957,0.043
t_bot_mal87_jpeg_jpg.rf.8f07494b43b1185d39618f87a474cc3d.jpg,original,1,1,0,0,0.957,0.043
y2mate_com-The-Worlds-Best-Water-Bottle-Nalgene-Wide-Mouth-32-Oz_1080p_mp4-92_jpg.rf.8687f778278e925e5f9cc8fa962a85f3.jpg,original,1,1,0,0,0.957,0.043
13_jpg.rf.b1e06308a0cbd6ef46afbc145b8ca390_aug0_grayscale.jpg,grayscale,1,1,0,0,0.958,0.042
IMG_4497_jpg.rf.eaeabd0a0830d9a2b4a96849d209f3b5.jpg,original,1,1,0,0,0.958,0.042
211_jpg.rf.14c677fee67fb112e19dc2f3cf2b9740_aug0_noise+contrast.jpg,noise+contrast,1,1,0,0,0.959,0.041
211_jpg.rf.14c677fee67fb112e19dc2f3cf2b9740.jpg,original,1,1,0,0,0.96,0.04
y2mate_com-The-Worlds-Best-Water-Bottle-Nalgene-Wide-Mouth-32-Oz_1080p_mp4-92_jpg.rf.8687f778278e925e5f9cc8fa962a85f3_aug0_contrast.jpg,contrast,1,1,0,0,0.96,0.04
IMG_0347_JPG_jpg.rf.382f821607d33b6d94d5ccfa80882853_aug0_gamma.jpg,gamma,1,1,0,0,0.961,0.039
662A6898_1200x-copy-2_jpg.rf.4c8a0ca6e1a1a7cb901834914a1fd071.jpg,original,1,1,0,0,0.965,0.035
278_jpg.rf.2d6c146a816a9ce5f814ccde53c01750.jpg,original,1,1,0,0,0.967,0.033
IMG_4491_jpg.rf.da4af89822937af78d87b1ff6c36bef6.jpg,original,1,1,0,0,0.967,0.033
y2mate_com-The-Worlds-Best-Water-Bottle-Nalgene-Wide-Mouth-32-Oz_1080p_mp4-95_jpg.rf.c6f8b6c736de91ee6d485291f744678c.jpg,original,1,1,0,0,0.967,0.033
13_jpg.rf.b1e06308a0cbd6ef46afbc145b8ca390.jpg,original,1,1,0,0,0.968,0.032
y2mate_com-The-Worlds-Best-Water-Bottle-Nalgene-Wide-Mouth-32-Oz_1080p_mp4-95_jpg.rf.c6f8b6c736de91ee6d485291f744678c_aug0_noise.jpg,noise,1,1,0,0,0.968,0.032
278_jpg.rf.2d6c146a816a9ce5f814ccde53c01750_aug0_noise+defocus_blur.jpg,noise+defocus_blur,1,1,0,0,0.969,0.031
IMG_4486_jpg.rf.4cbc62dc1ef1a5d507ea280a1b7df06b_aug0_noise.jpg,noise,1,1,0,0,0.969,0.031
t_bot_mal15_jpeg_jpg.rf.b434aea62338b0a82c05c4c1f7112e08.jpg,original,1,1,0,0,0.969,0.031
IMG_4491_jpg.rf.da4af89822937af78d87b1ff6c36bef6_aug0_gamma.jpg,gamma,1,1,0,0,0.97,0.03
t_bot_mal15_jpeg_jpg.rf.b434aea62338b0a82c05c4c1f7112e08_aug0_motion_blur+grayscale.jpg,motion_blur+grayscale,1,1,0,0,0.971,0.029
t_bot_mal73_jpeg_jpg.rf.47f37ca88395558a70b4830f9375495a_aug0_motion_blur+contrast.jpg,motion_blur+contrast,1,1,0,0,0.973,0.027
IMG_4486_jpg.rf.4cbc62dc1ef1a5d507ea280a1b7df06b.jpg,original,1,1,0,0,0.976,0.024
IMG_4465_jpg.rf.7251207d16285772cbce6d06e2db9560_aug0_contrast+defocus_blur.jpg,contrast+defocus_blur,1,1,0,0,0.977,0.023
t_bot_mal73_jpeg_jpg.rf.47f37ca88395558a70b4830f9375495a.jpg,original,1,1,0,0,0.977,0.023
IMG_4465_jpg.rf.7251207d16285772cbce6d06e2db9560.jpg,original,1,1,0,0,0.978,0.022
